num_iteration,func_name,start_unix_timestamp,end_unix_timestamp,elapsed_ms
0,image-proc,1748013806.107841,1748013806.312750,204.909
1,image-proc,1748013806.374730,1748013806.573618,198.888
2,image-proc,1748013806.629626,1748013806.831165,201.539
3,image-proc,1748013806.883722,1748013807.072148,188.426
4,image-proc,1748013807.113643,1748013807.311712,198.068
5,image-proc,1748013807.366675,1748013807.558793,192.117
6,image-proc,1748013807.622664,1748013807.820439,197.776
7,image-proc,1748013807.879653,1748013808.084898,205.245
8,image-proc,1748013808.130648,1748013808.336023,205.375
9,image-proc,1748013808.387682,1748013808.580851,193.169
10,image-proc,1748013808.631602,1748013808.823798,192.195
11,image-proc,1748013808.874654,1748013809.074590,199.936
12,image-proc,1748013809.121601,1748013809.315216,193.614
13,image-proc,1748013809.362643,1748013809.561122,198.479
14,image-proc,1748013809.617670,1748013809.817166,199.496
15,image-proc,1748013809.872680,1748013810.068054,195.375
16,image-proc,1748013810.121650,1748013810.310021,188.371
17,image-proc,1748013810.354639,1748013810.556158,201.519
18,image-proc,1748013810.612684,1748013810.809585,196.901
19,image-proc,1748013810.860643,1748013811.061425,200.782
20,image-proc,1748013811.111652,1748013811.305463,193.810
21,image-proc,1748013811.373621,1748013811.568423,194.802
22,image-proc,1748013811.636662,1748013811.847988,211.326
23,image-proc,1748013811.904668,1748013812.109682,205.014
24,image-proc,1748013812.162653,1748013812.372845,210.192
25,image-proc,1748013812.437625,1748013812.639178,201.552
26,image-proc,1748013812.697646,1748013812.888126,190.480
27,image-proc,1748013812.942652,1748013813.140040,197.388
28,image-proc,1748013813.187658,1748013813.384848,197.190
29,image-proc,1748013813.450662,1748013813.641195,190.533
30,image-proc,1748013813.703627,1748013813.902126,198.498
31,image-proc,1748013813.972628,1748013814.172282,199.655
32,image-proc,1748013814.224648,1748013814.425373,200.724
33,image-proc,1748013814.475794,1748013814.665386,189.593
34,image-proc,1748013814.717646,1748013814.917401,199.755
35,image-proc,1748013814.968651,1748013815.170410,201.758
36,image-proc,1748013815.230698,1748013815.430483,199.786
37,image-proc,1748013815.499671,1748013815.701056,201.386
38,image-proc,1748013815.767633,1748013815.973946,206.313
39,image-proc,1748013816.021639,1748013816.215327,193.688
40,image-proc,1748013816.265631,1748013816.467596,201.964
41,image-proc,1748013816.519650,1748013816.709765,190.114
42,image-proc,1748013816.761634,1748013816.958173,196.539
43,image-proc,1748013817.010682,1748013817.205413,194.731
44,image-proc,1748013817.258669,1748013817.456363,197.697
45,image-proc,1748013817.512659,1748013817.707767,195.109
46,image-proc,1748013817.761628,1748013817.962904,201.275
47,image-proc,1748013818.014639,1748013818.218463,203.824
48,image-proc,1748013818.263673,1748013818.463384,199.711
49,image-proc,1748013818.506639,1748013818.706074,199.435
50,image-proc,1748013818.752640,1748013818.952465,199.825
51,image-proc,1748013818.999647,1748013819.194685,195.037
52,image-proc,1748013819.263685,1748013819.468213,204.528
53,image-proc,1748013819.540648,1748013819.738442,197.794
54,image-proc,1748013819.792652,1748013819.991841,199.188
55,image-proc,1748013820.056694,1748013820.253958,197.264
56,image-proc,1748013820.301636,1748013820.495379,193.743
57,image-proc,1748013820.550630,1748013820.750469,199.838
58,image-proc,1748013820.808659,1748013821.002472,193.813
59,image-proc,1748013821.057672,1748013821.246484,188.812
60,image-proc,1748013821.301645,1748013821.492687,191.043
61,image-proc,1748013821.548632,1748013821.752154,203.522
62,image-proc,1748013821.810659,1748013822.014372,203.712
63,image-proc,1748013822.058661,1748013822.267197,208.536
64,image-proc,1748013822.313625,1748013822.511764,198.139
65,image-proc,1748013822.568657,1748013822.765939,197.281
66,image-proc,1748013822.835656,1748013823.031406,195.749
67,image-proc,1748013823.095651,1748013823.287156,191.506
68,image-proc,1748013823.339666,1748013823.541807,202.141
69,image-proc,1748013823.598644,1748013823.801353,202.709
70,image-proc,1748013823.848655,1748013824.047088,198.433
71,image-proc,1748013824.105665,1748013824.304008,198.342
72,image-proc,1748013824.359654,1748013824.556129,196.474
73,image-proc,1748013824.621664,1748013824.815413,193.749
74,image-proc,1748013824.869648,1748013825.060641,190.994
75,image-proc,1748013825.112633,1748013825.312954,200.321
76,image-proc,1748013825.364659,1748013825.560757,196.099
77,image-proc,1748013825.618625,1748013825.819796,201.171
78,image-proc,1748013825.895638,1748013826.087371,191.733
79,image-proc,1748013826.150663,1748013826.364779,214.115
80,image-proc,1748013826.412655,1748013826.611048,198.392
81,image-proc,1748013826.664681,1748013826.861547,196.865
82,image-proc,1748013826.914714,1748013827.112358,197.644
83,image-proc,1748013827.191629,1748013827.385908,194.278
84,image-proc,1748013827.436649,1748013827.625521,188.871
85,image-proc,1748013827.703675,1748013827.893923,190.249
86,image-proc,1748013827.944701,1748013828.143691,198.989
87,image-proc,1748013828.189809,1748013828.382936,193.127
88,image-proc,1748013828.433663,1748013828.624316,190.653
89,image-proc,1748013828.687621,1748013828.879141,191.521
90,image-proc,1748013828.945637,1748013829.136783,191.145
91,image-proc,1748013829.197634,1748013829.387801,190.167
92,image-proc,1748013829.448649,1748013829.647271,198.621
93,image-proc,1748013829.712672,1748013829.906322,193.650
94,image-proc,1748013829.967665,1748013830.161038,193.372
95,image-proc,1748013830.208623,1748013830.411906,203.283
96,image-proc,1748013830.465643,1748013830.657940,192.296
97,image-proc,1748013830.712676,1748013830.913859,201.183
98,image-proc,1748013830.961675,1748013831.161421,199.745
99,image-proc,1748013831.211781,1748013831.412243,200.461
100,image-proc,1748013831.473619,1748013831.676136,202.515
101,image-proc,1748013831.729647,1748013831.924277,194.629
102,image-proc,1748013831.982608,1748013832.178628,196.019
103,image-proc,1748013832.237690,1748013832.441298,203.609
104,image-proc,1748013832.507687,1748013832.708868,201.181
105,image-proc,1748013832.773687,1748013832.969646,195.960
106,image-proc,1748013833.017633,1748013833.213797,196.163
107,image-proc,1748013833.272649,1748013833.480100,207.450
108,image-proc,1748013833.548653,1748013833.738554,189.902
109,image-proc,1748013833.800652,1748013833.989973,189.320
110,image-proc,1748013834.049677,1748013834.243889,194.212
111,image-proc,1748013834.292640,1748013834.491223,198.583
112,image-proc,1748013834.553657,1748013834.748364,194.707
113,image-proc,1748013834.799656,1748013834.994915,195.259
114,image-proc,1748013835.058658,1748013835.255954,197.295
115,image-proc,1748013835.309655,1748013835.507283,197.627
116,image-proc,1748013835.583670,1748013835.784609,200.940
117,image-proc,1748013835.845676,1748013836.044393,198.716
118,image-proc,1748013836.102656,1748013836.297432,194.776
119,image-proc,1748013836.366655,1748013836.569641,202.986
120,image-proc,1748013836.640671,1748013836.830000,189.329
121,image-proc,1748013836.896668,1748013837.091660,194.992
122,image-proc,1748013837.132632,1748013837.330986,198.353
123,image-proc,1748013837.378639,1748013837.574357,195.717
124,image-proc,1748013837.616786,1748013837.811367,194.580
125,image-proc,1748013837.869646,1748013838.060238,190.593
126,image-proc,1748013838.110655,1748013838.302910,192.255
127,image-proc,1748013838.354863,1748013838.546749,191.887
128,image-proc,1748013838.607637,1748013838.820454,212.816
129,image-proc,1748013838.876641,1748013839.072872,196.231
130,image-proc,1748013839.138631,1748013839.336197,197.565
131,image-proc,1748013839.396656,1748013839.589725,193.069
132,image-proc,1748013839.649601,1748013839.848912,199.310
133,image-proc,1748013839.904659,1748013840.105230,200.572
134,image-proc,1748013840.169646,1748013840.373567,203.921
135,image-proc,1748013840.424663,1748013840.620062,195.399
136,image-proc,1748013840.678654,1748013840.867469,188.814
137,image-proc,1748013840.926619,1748013841.131068,204.448
138,image-proc,1748013841.182627,1748013841.382725,200.098
139,image-proc,1748013841.432669,1748013841.635252,202.583
140,image-proc,1748013841.685640,1748013841.888490,202.849
141,image-proc,1748013841.933727,1748013842.136941,203.214
142,image-proc,1748013842.204714,1748013842.399949,195.235
143,image-proc,1748013842.448637,1748013842.645223,196.586
144,image-proc,1748013842.694633,1748013842.895007,200.374
145,image-proc,1748013842.954656,1748013843.152478,197.823
146,image-proc,1748013843.211645,1748013843.405131,193.486
147,image-proc,1748013843.448662,1748013843.644200,195.538
148,image-proc,1748013843.707639,1748013843.898601,190.961
149,image-proc,1748013843.942662,1748013844.139670,197.007
150,image-proc,1748013844.199643,1748013844.390730,191.086
151,image-proc,1748013844.437665,1748013844.634148,196.483
152,image-proc,1748013844.690647,1748013844.889000,198.352
153,image-proc,1748013844.962635,1748013845.162371,199.736
154,image-proc,1748013845.228624,1748013845.426987,198.363
155,image-proc,1748013845.512656,1748013845.705425,192.769
156,image-proc,1748013845.757672,1748013845.955394,197.723
157,image-proc,1748013846.003668,1748013846.209337,205.668
158,image-proc,1748013846.259719,1748013846.456524,196.805
159,image-proc,1748013846.530622,1748013846.726651,196.028
160,image-proc,1748013846.784692,1748013846.978092,193.400
161,image-proc,1748013847.039669,1748013847.240131,200.461
162,image-proc,1748013847.294658,1748013847.491992,197.335
163,image-proc,1748013847.546652,1748013847.747435,200.783
164,image-proc,1748013847.796685,1748013847.993683,196.999
165,image-proc,1748013848.053635,1748013848.247705,194.071
166,image-proc,1748013848.312716,1748013848.505151,192.435
167,image-proc,1748013848.553645,1748013848.751919,198.274
168,image-proc,1748013848.823664,1748013849.017470,193.806
169,image-proc,1748013849.073674,1748013849.266672,192.997
170,image-proc,1748013849.318641,1748013849.521966,203.323
171,image-proc,1748013849.565666,1748013849.756634,190.968
172,image-proc,1748013849.820621,1748013850.011356,190.734
173,image-proc,1748013850.056627,1748013850.260847,204.219
174,image-proc,1748013850.307856,1748013850.502141,194.284
175,image-proc,1748013850.549615,1748013850.744717,195.102
176,image-proc,1748013850.799685,1748013850.993859,194.175
177,image-proc,1748013851.044811,1748013851.241686,196.875
178,image-proc,1748013851.293669,1748013851.489296,195.627
179,image-proc,1748013851.536634,1748013851.725070,188.436
180,image-proc,1748013851.775643,1748013851.973300,197.657
181,image-proc,1748013852.027662,1748013852.215316,187.655
182,image-proc,1748013852.268649,1748013852.468735,200.085
183,image-proc,1748013852.523654,1748013852.722926,199.272
184,image-proc,1748013852.774687,1748013852.966261,191.574
185,image-proc,1748013853.017652,1748013853.225111,207.459
186,image-proc,1748013853.277616,1748013853.477475,199.858
187,image-proc,1748013853.538647,1748013853.735491,196.844
188,image-proc,1748013853.791679,1748013853.996197,204.519
189,image-proc,1748013854.041646,1748013854.236093,194.446
190,image-proc,1748013854.291621,1748013854.481938,190.317
191,image-proc,1748013854.549635,1748013854.747000,197.364
192,image-proc,1748013854.796672,1748013854.994180,197.509
193,image-proc,1748013855.046694,1748013855.240309,193.615
194,image-proc,1748013855.289614,1748013855.488770,199.154
195,image-proc,1748013855.545629,1748013855.738694,193.065
196,image-proc,1748013855.795674,1748013856.009338,213.665
197,image-proc,1748013856.059681,1748013856.252094,192.412
198,image-proc,1748013856.307703,1748013856.501817,194.114
199,image-proc,1748013856.547695,1748013856.744406,196.711
200,image-proc,1748013856.798653,1748013856.990192,191.538
201,image-proc,1748013857.046621,1748013857.248930,202.307
202,image-proc,1748013857.311823,1748013857.504409,192.586
203,image-proc,1748013857.561633,1748013857.757224,195.592
204,image-proc,1748013857.802652,1748013858.005441,202.789
205,image-proc,1748013858.062622,1748013858.264337,201.715
206,image-proc,1748013858.318663,1748013858.524689,206.026
207,image-proc,1748013858.585647,1748013858.785374,199.727
208,image-proc,1748013858.860631,1748013859.056945,196.313
209,image-proc,1748013859.132665,1748013859.331718,199.053
210,image-proc,1748013859.407819,1748013859.593727,185.908
211,image-proc,1748013859.675684,1748013859.873964,198.279
212,image-proc,1748013859.926636,1748013860.119441,192.805
213,image-proc,1748013860.176665,1748013860.370802,194.137
214,image-proc,1748013860.438645,1748013860.641118,202.474
215,image-proc,1748013860.686644,1748013860.885278,198.633
216,image-proc,1748013860.946622,1748013861.147663,201.040
217,image-proc,1748013861.205656,1748013861.407311,201.654
218,image-proc,1748013861.456645,1748013861.658287,201.642
219,image-proc,1748013861.722684,1748013861.915388,192.704
220,image-proc,1748013861.980656,1748013862.177771,197.115
221,image-proc,1748013862.238640,1748013862.435600,196.959
222,image-proc,1748013862.483674,1748013862.682740,199.066
223,image-proc,1748013862.749666,1748013862.943637,193.971
224,image-proc,1748013863.003661,1748013863.205750,202.090
225,image-proc,1748013863.258650,1748013863.456367,197.717
226,image-proc,1748013863.503635,1748013863.698226,194.591
227,image-proc,1748013863.771769,1748013863.975346,203.578
228,image-proc,1748013864.028646,1748013864.219528,190.882
229,image-proc,1748013864.272637,1748013864.476887,204.249
230,image-proc,1748013864.531628,1748013864.736345,204.716
231,image-proc,1748013864.784637,1748013864.978123,193.484
232,image-proc,1748013865.038651,1748013865.243545,204.893
233,image-proc,1748013865.302607,1748013865.502220,199.613
234,image-proc,1748013865.565677,1748013865.767610,201.933
235,image-proc,1748013865.843639,1748013866.048434,204.795
236,image-proc,1748013866.102686,1748013866.312418,209.733
237,image-proc,1748013866.375681,1748013866.574904,199.224
238,image-proc,1748013866.633666,1748013866.838748,205.081
239,image-proc,1748013866.900630,1748013867.103067,202.438
240,image-proc,1748013867.173630,1748013867.376555,202.925
241,image-proc,1748013867.425672,1748013867.619848,194.175
242,image-proc,1748013867.667689,1748013867.867803,200.114
243,image-proc,1748013867.934695,1748013868.130203,195.508
244,image-proc,1748013868.178666,1748013868.372107,193.440
245,image-proc,1748013868.418641,1748013868.618351,199.710
246,image-proc,1748013868.670655,1748013868.865798,195.143
247,image-proc,1748013868.918656,1748013869.115988,197.331
248,image-proc,1748013869.185676,1748013869.380974,195.299
249,image-proc,1748013869.429638,1748013869.625054,195.416
250,image-proc,1748013869.699646,1748013869.897797,198.151
251,image-proc,1748013869.964647,1748013870.159977,195.330
252,image-proc,1748013870.207668,1748013870.402471,194.801
253,image-proc,1748013870.450641,1748013870.652422,201.781
254,image-proc,1748013870.699633,1748013870.900862,201.228
255,image-proc,1748013870.946686,1748013871.139325,192.639
256,image-proc,1748013871.198675,1748013871.398606,199.931
257,image-proc,1748013871.462629,1748013871.657699,195.069
258,image-proc,1748013871.726673,1748013871.930077,203.403
259,image-proc,1748013871.993628,1748013872.192632,199.003
260,image-proc,1748013872.251651,1748013872.453852,202.201
261,image-proc,1748013872.500633,1748013872.692068,191.434
262,image-proc,1748013872.754665,1748013872.952273,197.607
263,image-proc,1748013873.010648,1748013873.209920,199.271
264,image-proc,1748013873.260651,1748013873.455480,194.828
265,image-proc,1748013873.508701,1748013873.707265,198.563
266,image-proc,1748013873.759677,1748013873.960522,200.844
267,image-proc,1748013874.016643,1748013874.208562,191.919
268,image-proc,1748013874.256648,1748013874.447061,190.412
269,image-proc,1748013874.497650,1748013874.695966,198.316
270,image-proc,1748013874.757703,1748013874.950608,192.906
271,image-proc,1748013875.004647,1748013875.203703,199.056
272,image-proc,1748013875.261649,1748013875.460091,198.442
273,image-proc,1748013875.513664,1748013875.705886,192.222
274,image-proc,1748013875.756686,1748013875.959884,203.198
275,image-proc,1748013876.023654,1748013876.223089,199.435
276,image-proc,1748013876.276663,1748013876.472473,195.810
277,image-proc,1748013876.524730,1748013876.728256,203.527
278,image-proc,1748013876.771679,1748013876.971804,200.125
279,image-proc,1748013877.040646,1748013877.231579,190.933
280,image-proc,1748013877.292642,1748013877.493958,201.315
281,image-proc,1748013877.541660,1748013877.738117,196.457
282,image-proc,1748013877.801633,1748013878.002873,201.240
283,image-proc,1748013878.045657,1748013878.238336,192.679
284,image-proc,1748013878.292665,1748013878.484313,191.647
285,image-proc,1748013878.533687,1748013878.727625,193.938
286,image-proc,1748013878.778624,1748013878.968316,189.692
287,image-proc,1748013879.022597,1748013879.220906,198.308
288,image-proc,1748013879.273676,1748013879.474060,200.384
289,image-proc,1748013879.515664,1748013879.708288,192.623
290,image-proc,1748013879.773693,1748013879.970398,196.704
291,image-proc,1748013880.019655,1748013880.213822,194.165
292,image-proc,1748013880.260706,1748013880.460144,199.438
293,image-proc,1748013880.506696,1748013880.702984,196.288
294,image-proc,1748013880.755657,1748013880.957324,201.667
295,image-proc,1748013881.001672,1748013881.196722,195.050
296,image-proc,1748013881.250674,1748013881.444079,193.404
297,image-proc,1748013881.501657,1748013881.703573,201.915
298,image-proc,1748013881.759678,1748013881.968569,208.891
299,image-proc,1748013882.007649,1748013882.202200,194.550
300,image-proc,1748013882.249656,1748013882.445608,195.952
301,image-proc,1748013882.486742,1748013882.678882,192.139
302,image-proc,1748013882.726680,1748013882.919606,192.925
303,image-proc,1748013882.964634,1748013883.159692,195.058
304,image-proc,1748013883.210645,1748013883.403851,193.206
305,image-proc,1748013883.462662,1748013883.659404,196.743
306,image-proc,1748013883.706628,1748013883.904840,198.211
307,image-proc,1748013883.967643,1748013884.165977,198.333
308,image-proc,1748013884.218622,1748013884.408939,190.317
309,image-proc,1748013884.459678,1748013884.658761,199.083
310,image-proc,1748013884.721654,1748013884.920639,198.985
311,image-proc,1748013884.968625,1748013885.167813,199.187
312,image-proc,1748013885.218664,1748013885.409787,191.122
313,image-proc,1748013885.467649,1748013885.663162,195.513
314,image-proc,1748013885.724675,1748013885.922484,197.808
315,image-proc,1748013885.981643,1748013886.176476,194.833
316,image-proc,1748013886.217644,1748013886.418604,200.960
317,image-proc,1748013886.472624,1748013886.674815,202.192
318,image-proc,1748013886.723627,1748013886.916377,192.749
319,image-proc,1748013886.963682,1748013887.152324,188.642
320,image-proc,1748013887.206667,1748013887.402005,195.338
321,image-proc,1748013887.442676,1748013887.639892,197.216
322,image-proc,1748013887.692673,1748013887.895092,202.418
323,image-proc,1748013887.943636,1748013888.145062,201.426
324,image-proc,1748013888.194665,1748013888.392653,197.988
325,image-proc,1748013888.436639,1748013888.633233,196.593
326,image-proc,1748013888.680647,1748013888.868896,188.249
327,image-proc,1748013888.920633,1748013889.117357,196.724
328,image-proc,1748013889.159651,1748013889.353529,193.877
329,image-proc,1748013889.409634,1748013889.607394,197.758
330,image-proc,1748013889.688671,1748013889.889785,201.114
331,image-proc,1748013889.942639,1748013890.138894,196.254
332,image-proc,1748013890.197640,1748013890.398910,201.270
333,image-proc,1748013890.455652,1748013890.643838,188.184
334,image-proc,1748013890.702638,1748013890.898768,196.130
335,image-proc,1748013890.949648,1748013891.152857,203.208
336,image-proc,1748013891.198657,1748013891.397408,198.751
337,image-proc,1748013891.466683,1748013891.656942,190.260
338,image-proc,1748013891.704648,1748013891.894861,190.213
339,image-proc,1748013891.950683,1748013892.146905,196.222
340,image-proc,1748013892.210664,1748013892.404445,193.781
341,image-proc,1748013892.459623,1748013892.653007,193.383
342,image-proc,1748013892.716630,1748013892.909165,192.534
343,image-proc,1748013892.958616,1748013893.149096,190.480
344,image-proc,1748013893.211649,1748013893.405155,193.506
345,image-proc,1748013893.466650,1748013893.671690,205.041
346,image-proc,1748013893.734673,1748013893.927637,192.964
347,image-proc,1748013893.979665,1748013894.175917,196.251
348,image-proc,1748013894.234658,1748013894.430688,196.029
349,image-proc,1748013894.491642,1748013894.691398,199.755
350,image-proc,1748013894.744663,1748013894.937518,192.852
351,image-proc,1748013894.989657,1748013895.181126,191.469
352,image-proc,1748013895.229669,1748013895.427977,198.308
353,image-proc,1748013895.483698,1748013895.678975,195.277
354,image-proc,1748013895.745665,1748013895.937227,191.561
355,image-proc,1748013895.989649,1748013896.186909,197.259
356,image-proc,1748013896.237685,1748013896.442691,205.006
357,image-proc,1748013896.493657,1748013896.688100,194.442
358,image-proc,1748013896.739664,1748013896.932592,192.928
359,image-proc,1748013896.980653,1748013897.175016,194.362
360,image-proc,1748013897.223646,1748013897.420863,197.217
361,image-proc,1748013897.469646,1748013897.663423,193.776
362,image-proc,1748013897.710696,1748013897.906689,195.992
363,image-proc,1748013897.963654,1748013898.158417,194.762
364,image-proc,1748013898.224657,1748013898.420723,196.066
365,image-proc,1748013898.472621,1748013898.674223,201.601
366,image-proc,1748013898.733759,1748013898.935141,201.381
367,image-proc,1748013898.995649,1748013899.189978,194.328
368,image-proc,1748013899.235662,1748013899.430420,194.758
369,image-proc,1748013899.486651,1748013899.684039,197.388
370,image-proc,1748013899.734667,1748013899.931483,196.815
371,image-proc,1748013899.991662,1748013900.191059,199.397
372,image-proc,1748013900.242654,1748013900.442750,200.095
373,image-proc,1748013900.500665,1748013900.687561,186.895
374,image-proc,1748013900.739625,1748013900.938024,198.399
375,image-proc,1748013901.000704,1748013901.202405,201.701
376,image-proc,1748013901.268658,1748013901.463657,194.999
377,image-proc,1748013901.518637,1748013901.712553,193.916
378,image-proc,1748013901.764778,1748013901.965005,200.226
379,image-proc,1748013902.010712,1748013902.208954,198.241
380,image-proc,1748013902.257742,1748013902.453793,196.050
381,image-proc,1748013902.499651,1748013902.689728,190.077
382,image-proc,1748013902.742669,1748013902.935332,192.663
383,image-proc,1748013903.000661,1748013903.199279,198.618
384,image-proc,1748013903.256645,1748013903.457390,200.745
385,image-proc,1748013903.521701,1748013903.713348,191.647
386,image-proc,1748013903.763642,1748013903.957565,193.922
387,image-proc,1748013904.021634,1748013904.214815,193.181
388,image-proc,1748013904.267652,1748013904.462387,194.735
389,image-proc,1748013904.523658,1748013904.718988,195.331
390,image-proc,1748013904.771637,1748013904.973401,201.764
391,image-proc,1748013905.057664,1748013905.253919,196.254
392,image-proc,1748013905.324657,1748013905.519997,195.340
393,image-proc,1748013905.574734,1748013905.770680,195.945
394,image-proc,1748013905.833664,1748013906.037513,203.850
395,image-proc,1748013906.089665,1748013906.279968,190.302
396,image-proc,1748013906.326678,1748013906.534800,208.123
397,image-proc,1748013906.590670,1748013906.791998,201.329
398,image-proc,1748013906.845661,1748013907.043352,197.691
399,image-proc,1748013907.096658,1748013907.289504,192.845
400,image-proc,1748013907.330672,1748013907.528277,197.605
401,image-proc,1748013907.588663,1748013907.776537,187.873
402,image-proc,1748013907.834646,1748013908.028400,193.754
403,image-proc,1748013908.102635,1748013908.297091,194.456
404,image-proc,1748013908.352648,1748013908.556585,203.936
405,image-proc,1748013908.637653,1748013908.835049,197.395
406,image-proc,1748013908.905647,1748013909.103569,197.922
407,image-proc,1748013909.153676,1748013909.352697,199.020
408,image-proc,1748013909.403658,1748013909.597481,193.823
409,image-proc,1748013909.644643,1748013909.840362,195.717
410,image-proc,1748013909.891686,1748013910.087920,196.234
411,image-proc,1748013910.129654,1748013910.320150,190.495
412,image-proc,1748013910.374666,1748013910.569979,195.312
413,image-proc,1748013910.628828,1748013910.825401,196.573
414,image-proc,1748013910.881656,1748013911.072632,190.976
415,image-proc,1748013911.144662,1748013911.348165,203.502
416,image-proc,1748013911.403715,1748013911.600898,197.182
417,image-proc,1748013911.668687,1748013911.868875,200.188
418,image-proc,1748013911.927664,1748013912.130364,202.701
419,image-proc,1748013912.181632,1748013912.374040,192.406
420,image-proc,1748013912.426671,1748013912.628335,201.663
421,image-proc,1748013912.699646,1748013912.893614,193.967
422,image-proc,1748013912.954656,1748013913.150910,196.253
423,image-proc,1748013913.215677,1748013913.429687,214.011
424,image-proc,1748013913.475812,1748013913.676019,200.207
425,image-proc,1748013913.737648,1748013913.940251,202.602
426,image-proc,1748013913.993675,1748013914.190896,197.220
427,image-proc,1748013914.251642,1748013914.444614,192.972
428,image-proc,1748013914.491661,1748013914.686999,195.338
429,image-proc,1748013914.744669,1748013914.945955,201.286
430,image-proc,1748013915.007680,1748013915.203900,196.219
431,image-proc,1748013915.247667,1748013915.446951,199.286
432,image-proc,1748013915.492649,1748013915.685964,193.315
433,image-proc,1748013915.749655,1748013915.945790,196.134
434,image-proc,1748013916.016678,1748013916.210063,193.385
435,image-proc,1748013916.260630,1748013916.457934,197.304
436,image-proc,1748013916.504644,1748013916.704195,199.552
437,image-proc,1748013916.747653,1748013916.944727,197.075
438,image-proc,1748013916.990648,1748013917.192320,201.671
439,image-proc,1748013917.241666,1748013917.439209,197.542
440,image-proc,1748013917.483668,1748013917.686053,202.385
441,image-proc,1748013917.735643,1748013917.937246,201.603
442,image-proc,1748013917.995660,1748013918.193208,197.547
443,image-proc,1748013918.243646,1748013918.438568,194.922
444,image-proc,1748013918.482648,1748013918.673363,190.714
445,image-proc,1748013918.734660,1748013918.933897,199.236
446,image-proc,1748013919.006660,1748013919.206770,200.110
447,image-proc,1748013919.254661,1748013919.451265,196.603
448,image-proc,1748013919.492666,1748013919.686930,194.263
449,image-proc,1748013919.732651,1748013919.933078,200.428
450,image-proc,1748013919.997614,1748013920.195040,197.425
451,image-proc,1748013920.272629,1748013920.470976,198.346
452,image-proc,1748013920.522644,1748013920.717293,194.650
453,image-proc,1748013920.768628,1748013920.970833,202.204
454,image-proc,1748013921.024658,1748013921.226731,202.074
455,image-proc,1748013921.281639,1748013921.478645,197.007
456,image-proc,1748013921.541649,1748013921.749080,207.431
457,image-proc,1748013921.825660,1748013922.032603,206.943
458,image-proc,1748013922.091649,1748013922.286513,194.845
459,image-proc,1748013922.338668,1748013922.538562,199.894
460,image-proc,1748013922.587799,1748013922.791864,204.065
461,image-proc,1748013922.837651,1748013923.033213,195.562
462,image-proc,1748013923.091641,1748013923.294403,202.763
463,image-proc,1748013923.341620,1748013923.537993,196.373
464,image-proc,1748013923.589622,1748013923.787643,198.020
465,image-proc,1748013923.831672,1748013924.038325,206.653
466,image-proc,1748013924.087677,1748013924.287571,199.894
467,image-proc,1748013924.342642,1748013924.542906,200.264
468,image-proc,1748013924.591652,1748013924.783830,192.178
469,image-proc,1748013924.832745,1748013925.036845,204.100
470,image-proc,1748013925.109694,1748013925.313868,204.174
471,image-proc,1748013925.392675,1748013925.589875,197.200
472,image-proc,1748013925.663682,1748013925.861398,197.715
473,image-proc,1748013925.915636,1748013926.119240,203.603
474,image-proc,1748013926.163644,1748013926.356448,192.804
475,image-proc,1748013926.418608,1748013926.626449,207.841
476,image-proc,1748013926.682648,1748013926.884749,202.101
477,image-proc,1748013926.940664,1748013927.137583,196.919
478,image-proc,1748013927.203650,1748013927.399104,195.453
479,image-proc,1748013927.447708,1748013927.640227,192.519
480,image-proc,1748013927.695669,1748013927.897181,201.512
481,image-proc,1748013927.948644,1748013928.144867,196.223
482,image-proc,1748013928.199629,1748013928.401774,202.145
483,image-proc,1748013928.454629,1748013928.661877,207.248
484,image-proc,1748013928.723645,1748013928.921920,198.275
485,image-proc,1748013928.985651,1748013929.180595,194.943
486,image-proc,1748013929.238653,1748013929.435519,196.862
487,image-proc,1748013929.496671,1748013929.703788,207.117
488,image-proc,1748013929.756650,1748013929.947898,191.248
489,image-proc,1748013930.003675,1748013930.199995,196.319
490,image-proc,1748013930.263640,1748013930.455877,192.237
491,image-proc,1748013930.518648,1748013930.713387,194.739
492,image-proc,1748013930.763624,1748013930.958652,195.027
493,image-proc,1748013931.012644,1748013931.206256,193.612
494,image-proc,1748013931.254636,1748013931.452334,197.698
495,image-proc,1748013931.495669,1748013931.692433,196.764
496,image-proc,1748013931.753663,1748013931.945659,191.996
497,image-proc,1748013932.006833,1748013932.213790,206.957
498,image-proc,1748013932.294648,1748013932.496472,201.824
499,image-proc,1748013932.552648,1748013932.751587,198.940
500,image-proc,1748013932.813671,1748013933.009554,195.883
501,image-proc,1748013933.063651,1748013933.252139,188.488
502,image-proc,1748013933.298794,1748013933.492323,193.528
503,image-proc,1748013933.543797,1748013933.748931,205.133
504,image-proc,1748013933.795654,1748013933.991201,195.548
505,image-proc,1748013934.059645,1748013934.256446,196.801
506,image-proc,1748013934.305656,1748013934.503678,198.021
507,image-proc,1748013934.559657,1748013934.760372,200.716
508,image-proc,1748013934.808646,1748013935.007350,198.703
509,image-proc,1748013935.056644,1748013935.259793,203.150
510,image-proc,1748013935.311707,1748013935.512001,200.294
511,image-proc,1748013935.557652,1748013935.753828,196.175
512,image-proc,1748013935.800648,1748013935.988674,188.024
513,image-proc,1748013936.055652,1748013936.256178,200.527
514,image-proc,1748013936.311669,1748013936.504517,192.847
515,image-proc,1748013936.557650,1748013936.758832,201.181
516,image-proc,1748013936.827810,1748013937.022662,194.852
517,image-proc,1748013937.076647,1748013937.267652,191.004
518,image-proc,1748013937.314659,1748013937.517267,202.607
519,image-proc,1748013937.567668,1748013937.774836,207.167
520,image-proc,1748013937.820618,1748013938.014968,194.349
521,image-proc,1748013938.067788,1748013938.259474,191.685
522,image-proc,1748013938.311692,1748013938.503195,191.503
523,image-proc,1748013938.556663,1748013938.759013,202.349
524,image-proc,1748013938.803652,1748013938.998707,195.055
525,image-proc,1748013939.050623,1748013939.251268,200.645
526,image-proc,1748013939.321644,1748013939.514235,192.590
527,image-proc,1748013939.557622,1748013939.766804,209.182
528,image-proc,1748013939.842660,1748013940.030642,187.982
529,image-proc,1748013940.075658,1748013940.274436,198.777
530,image-proc,1748013940.339665,1748013940.531454,191.789
531,image-proc,1748013940.576636,1748013940.768008,191.372
532,image-proc,1748013940.820644,1748013941.016792,196.147
533,image-proc,1748013941.074643,1748013941.272473,197.829
534,image-proc,1748013941.325636,1748013941.516308,190.672
535,image-proc,1748013941.576645,1748013941.775046,198.400
536,image-proc,1748013941.829694,1748013942.025739,196.044
537,image-proc,1748013942.080650,1748013942.285135,204.484
538,image-proc,1748013942.334696,1748013942.534253,199.557
539,image-proc,1748013942.619645,1748013942.815386,195.740
540,image-proc,1748013942.882650,1748013943.075969,193.319
541,image-proc,1748013943.123653,1748013943.320052,196.399
542,image-proc,1748013943.371683,1748013943.571163,199.480
543,image-proc,1748013943.622733,1748013943.822860,200.126
544,image-proc,1748013943.872677,1748013944.059081,186.404
545,image-proc,1748013944.108647,1748013944.304581,195.933
546,image-proc,1748013944.356657,1748013944.567389,210.730
547,image-proc,1748013944.619640,1748013944.809577,189.937
548,image-proc,1748013944.859647,1748013945.055756,196.109
549,image-proc,1748013945.104657,1748013945.300754,196.096
550,image-proc,1748013945.363654,1748013945.562542,198.888
551,image-proc,1748013945.617648,1748013945.809618,191.970
552,image-proc,1748013945.862688,1748013946.062039,199.350
553,image-proc,1748013946.128622,1748013946.326836,198.212
554,image-proc,1748013946.377673,1748013946.570960,193.286
555,image-proc,1748013946.624645,1748013946.825008,200.363
556,image-proc,1748013946.879686,1748013947.077943,198.257
557,image-proc,1748013947.130677,1748013947.327280,196.603
558,image-proc,1748013947.378646,1748013947.570174,191.527
559,image-proc,1748013947.619630,1748013947.811541,191.911
560,image-proc,1748013947.876645,1748013948.075860,199.214
561,image-proc,1748013948.133641,1748013948.333913,200.272
562,image-proc,1748013948.381674,1748013948.573210,191.536
563,image-proc,1748013948.633670,1748013948.834123,200.453
564,image-proc,1748013948.898709,1748013949.096599,197.890
565,image-proc,1748013949.155670,1748013949.349908,194.237
566,image-proc,1748013949.418647,1748013949.620916,202.268
567,image-proc,1748013949.670741,1748013949.865762,195.021
568,image-proc,1748013949.941655,1748013950.135787,194.133
569,image-proc,1748013950.180648,1748013950.370913,190.266
570,image-proc,1748013950.437644,1748013950.639800,202.156
571,image-proc,1748013950.698712,1748013950.900138,201.425
572,image-proc,1748013950.965688,1748013951.162111,196.423
573,image-proc,1748013951.221641,1748013951.424051,202.410
574,image-proc,1748013951.473691,1748013951.676223,202.532
575,image-proc,1748013951.730799,1748013951.925048,194.247
576,image-proc,1748013951.992692,1748013952.188998,196.306
577,image-proc,1748013952.244638,1748013952.441393,196.754
578,image-proc,1748013952.494632,1748013952.694577,199.944
579,image-proc,1748013952.740645,1748013952.939939,199.293
580,image-proc,1748013952.987662,1748013953.189648,201.985
581,image-proc,1748013953.276653,1748013953.476729,200.076
582,image-proc,1748013953.543653,1748013953.736617,192.964
583,image-proc,1748013953.785674,1748013953.987778,202.104
584,image-proc,1748013954.047660,1748013954.241979,194.319
585,image-proc,1748013954.308643,1748013954.501456,192.812
586,image-proc,1748013954.577638,1748013954.773375,195.736
587,image-proc,1748013954.824650,1748013955.023225,198.576
588,image-proc,1748013955.078623,1748013955.276371,197.748
589,image-proc,1748013955.354654,1748013955.563211,208.558
590,image-proc,1748013955.622699,1748013955.823745,201.046
591,image-proc,1748013955.882645,1748013956.085418,202.774
592,image-proc,1748013956.138699,1748013956.330913,192.214
593,image-proc,1748013956.375649,1748013956.575974,200.326
594,image-proc,1748013956.630669,1748013956.822183,191.514
595,image-proc,1748013956.880636,1748013957.086289,205.651
596,image-proc,1748013957.138655,1748013957.335802,197.147
597,image-proc,1748013957.385624,1748013957.586738,201.115
598,image-proc,1748013957.634641,1748013957.829188,194.547
599,image-proc,1748013957.889691,1748013958.090746,201.054
600,image-proc,1748013958.151677,1748013958.346390,194.714
601,image-proc,1748013958.407628,1748013958.597424,189.796
602,image-proc,1748013958.652631,1748013958.858088,205.457
603,image-proc,1748013958.905650,1748013959.103459,197.808
604,image-proc,1748013959.154683,1748013959.352234,197.550
605,image-proc,1748013959.403661,1748013959.603966,200.305
606,image-proc,1748013959.672661,1748013959.867770,195.109
607,image-proc,1748013959.921651,1748013960.132209,210.558
608,image-proc,1748013960.182683,1748013960.377792,195.109
609,image-proc,1748013960.448674,1748013960.649291,200.618
610,image-proc,1748013960.721701,1748013960.916819,195.116
611,image-proc,1748013960.970664,1748013961.167863,197.199
612,image-proc,1748013961.220623,1748013961.412148,191.525
613,image-proc,1748013961.488672,1748013961.690197,201.525
614,image-proc,1748013961.752661,1748013961.948829,196.167
615,image-proc,1748013962.006640,1748013962.208653,202.012
616,image-proc,1748013962.272675,1748013962.473351,200.677
617,image-proc,1748013962.530629,1748013962.730341,199.711
618,image-proc,1748013962.787644,1748013962.980262,192.618
619,image-proc,1748013963.045802,1748013963.239041,193.237
620,image-proc,1748013963.291667,1748013963.490603,198.937
621,image-proc,1748013963.542661,1748013963.743313,200.652
622,image-proc,1748013963.802682,1748013964.001474,198.792
623,image-proc,1748013964.054657,1748013964.261587,206.930
624,image-proc,1748013964.338782,1748013964.525551,186.769
625,image-proc,1748013964.575661,1748013964.765074,189.413
626,image-proc,1748013964.831678,1748013965.028659,196.980
627,image-proc,1748013965.079656,1748013965.287942,208.285
628,image-proc,1748013965.334652,1748013965.538813,204.160
629,image-proc,1748013965.596646,1748013965.789860,193.214
630,image-proc,1748013965.847631,1748013966.048058,200.426
631,image-proc,1748013966.101662,1748013966.304564,202.901
632,image-proc,1748013966.347641,1748013966.548371,200.730
633,image-proc,1748013966.603680,1748013966.800371,196.690
634,image-proc,1748013966.851641,1748013967.040622,188.979
635,image-proc,1748013967.088652,1748013967.286914,198.262
636,image-proc,1748013967.340656,1748013967.544217,203.560
637,image-proc,1748013967.595665,1748013967.798948,203.282
638,image-proc,1748013967.872633,1748013968.068873,196.240
639,image-proc,1748013968.125614,1748013968.328431,202.816
640,image-proc,1748013968.386691,1748013968.582470,195.779
641,image-proc,1748013968.627645,1748013968.825256,197.610
642,image-proc,1748013968.879654,1748013969.077462,197.808
643,image-proc,1748013969.161671,1748013969.363830,202.158
644,image-proc,1748013969.413656,1748013969.609563,195.906
645,image-proc,1748013969.657669,1748013969.855509,197.839
646,image-proc,1748013969.909662,1748013970.103050,193.389
647,image-proc,1748013970.155664,1748013970.352219,196.556
648,image-proc,1748013970.398669,1748013970.593261,194.591
649,image-proc,1748013970.640672,1748013970.833924,193.252
650,image-proc,1748013970.882606,1748013971.079054,196.447
651,image-proc,1748013971.136611,1748013971.332461,195.849
652,image-proc,1748013971.410647,1748013971.603835,193.188
653,image-proc,1748013971.650645,1748013971.850373,199.728
654,image-proc,1748013971.899692,1748013972.101997,202.305
655,image-proc,1748013972.157654,1748013972.352287,194.632
656,image-proc,1748013972.420639,1748013972.614290,193.652
657,image-proc,1748013972.657633,1748013972.862194,204.562
658,image-proc,1748013972.912668,1748013973.105044,192.376
659,image-proc,1748013973.156656,1748013973.358993,202.337
660,image-proc,1748013973.404653,1748013973.602675,198.022
661,image-proc,1748013973.668625,1748013973.868222,199.596
662,image-proc,1748013973.913655,1748013974.110952,197.296
663,image-proc,1748013974.171657,1748013974.376089,204.432
664,image-proc,1748013974.439664,1748013974.636315,196.651
665,image-proc,1748013974.712649,1748013974.916613,203.964
666,image-proc,1748013974.967632,1748013975.176186,208.554
667,image-proc,1748013975.229639,1748013975.428456,198.817
668,image-proc,1748013975.487592,1748013975.686179,198.586
669,image-proc,1748013975.752641,1748013975.952916,200.274
670,image-proc,1748013976.008657,1748013976.213577,204.920
671,image-proc,1748013976.271650,1748013976.469794,198.143
672,image-proc,1748013976.534659,1748013976.728789,194.129
673,image-proc,1748013976.781643,1748013976.972779,191.136
674,image-proc,1748013977.027683,1748013977.220798,193.115
675,image-proc,1748013977.284658,1748013977.480750,196.092
676,image-proc,1748013977.540655,1748013977.743387,202.732
677,image-proc,1748013977.796669,1748013977.985761,189.092
678,image-proc,1748013978.044652,1748013978.243961,199.309
679,image-proc,1748013978.298646,1748013978.499086,200.439
680,image-proc,1748013978.552640,1748013978.759169,206.528
681,image-proc,1748013978.818665,1748013979.023036,204.371
682,image-proc,1748013979.075647,1748013979.270457,194.811
683,image-proc,1748013979.316632,1748013979.518703,202.071
684,image-proc,1748013979.559638,1748013979.763339,203.701
685,image-proc,1748013979.813650,1748013980.009274,195.625
686,image-proc,1748013980.051670,1748013980.257046,205.376
687,image-proc,1748013980.319671,1748013980.517979,198.308
688,image-proc,1748013980.581684,1748013980.778938,197.253
689,image-proc,1748013980.829641,1748013981.027454,197.813
690,image-proc,1748013981.079651,1748013981.279168,199.516
691,image-proc,1748013981.326708,1748013981.519146,192.438
692,image-proc,1748013981.566676,1748013981.765981,199.305
693,image-proc,1748013981.814658,1748013982.011181,196.523
694,image-proc,1748013982.053665,1748013982.251517,197.852
695,image-proc,1748013982.306728,1748013982.507781,201.053
696,image-proc,1748013982.562634,1748013982.761253,198.617
697,image-proc,1748013982.807676,1748013983.004911,197.235
698,image-proc,1748013983.066623,1748013983.264158,197.535
699,image-proc,1748013983.329654,1748013983.534813,205.158
700,image-proc,1748013983.586849,1748013983.777964,191.114
701,image-proc,1748013983.841706,1748013984.039862,198.155
702,image-proc,1748013984.091641,1748013984.291218,199.576
703,image-proc,1748013984.341629,1748013984.542146,200.517
704,image-proc,1748013984.589656,1748013984.780252,190.595
705,image-proc,1748013984.829663,1748013985.024762,195.098
706,image-proc,1748013985.073642,1748013985.276872,203.229
707,image-proc,1748013985.339628,1748013985.533657,194.030
708,image-proc,1748013985.582685,1748013985.781650,198.966
709,image-proc,1748013985.826655,1748013986.036924,210.268
710,image-proc,1748013986.088662,1748013986.285749,197.087
711,image-proc,1748013986.346664,1748013986.542596,195.933
712,image-proc,1748013986.615673,1748013986.808104,192.430
713,image-proc,1748013986.857649,1748013987.050487,192.838
714,image-proc,1748013987.140654,1748013987.342271,201.617
715,image-proc,1748013987.392649,1748013987.589163,196.514
716,image-proc,1748013987.646663,1748013987.841327,194.664
717,image-proc,1748013987.893654,1748013988.095289,201.634
718,image-proc,1748013988.158680,1748013988.353560,194.879
719,image-proc,1748013988.433658,1748013988.632481,198.823
720,image-proc,1748013988.679649,1748013988.875702,196.053
721,image-proc,1748013988.946670,1748013989.144976,198.306
722,image-proc,1748013989.207634,1748013989.399693,192.059
723,image-proc,1748013989.453639,1748013989.652131,198.492
724,image-proc,1748013989.696662,1748013989.892474,195.811
725,image-proc,1748013989.946642,1748013990.144707,198.065
726,image-proc,1748013990.208642,1748013990.406785,198.144
727,image-proc,1748013990.453746,1748013990.654831,201.085
728,image-proc,1748013990.700665,1748013990.903477,202.811
729,image-proc,1748013990.953656,1748013991.154928,201.271
730,image-proc,1748013991.203624,1748013991.402190,198.565
731,image-proc,1748013991.459663,1748013991.653534,193.872
732,image-proc,1748013991.709682,1748013991.907117,197.434
733,image-proc,1748013991.958654,1748013992.150527,191.873
734,image-proc,1748013992.202655,1748013992.396042,193.388
735,image-proc,1748013992.448657,1748013992.651182,202.525
736,image-proc,1748013992.696785,1748013992.890030,193.244
737,image-proc,1748013992.940649,1748013993.130384,189.736
738,image-proc,1748013993.177644,1748013993.373579,195.935
739,image-proc,1748013993.437674,1748013993.632978,195.305
740,image-proc,1748013993.679638,1748013993.882776,203.137
741,image-proc,1748013993.935656,1748013994.127087,191.430
742,image-proc,1748013994.185654,1748013994.390542,204.887
743,image-proc,1748013994.444659,1748013994.644046,199.388
744,image-proc,1748013994.686697,1748013994.891909,205.214
745,image-proc,1748013994.940660,1748013995.133632,192.972
746,image-proc,1748013995.203632,1748013995.396289,192.657
747,image-proc,1748013995.455638,1748013995.653855,198.218
748,image-proc,1748013995.710655,1748013995.905722,195.066
749,image-proc,1748013995.982649,1748013996.181644,198.995
750,image-proc,1748013996.245659,1748013996.441959,196.299
751,image-proc,1748013996.517641,1748013996.712662,195.021
752,image-proc,1748013996.756661,1748013996.957472,200.812
753,image-proc,1748013997.005630,1748013997.199769,194.139
754,image-proc,1748013997.251625,1748013997.461180,209.555
755,image-proc,1748013997.511642,1748013997.707973,196.330
756,image-proc,1748013997.758665,1748013997.959586,200.921
757,image-proc,1748013998.012638,1748013998.209693,197.054
758,image-proc,1748013998.261652,1748013998.451995,190.343
759,image-proc,1748013998.503649,1748013998.706575,202.926
760,image-proc,1748013998.764639,1748013998.956889,192.249
761,image-proc,1748013999.009645,1748013999.206752,197.107
762,image-proc,1748013999.249644,1748013999.449357,199.712
763,image-proc,1748013999.503640,1748013999.695906,192.266
764,image-proc,1748013999.751628,1748013999.945540,193.912
765,image-proc,1748014000.000674,1748014000.195990,195.316
766,image-proc,1748014000.255640,1748014000.452960,197.320
767,image-proc,1748014000.503659,1748014000.699567,195.907
768,image-proc,1748014000.750654,1748014000.952261,201.606
769,image-proc,1748014001.005649,1748014001.205398,199.748
770,image-proc,1748014001.250685,1748014001.443765,193.080
771,image-proc,1748014001.507654,1748014001.708052,200.398
772,image-proc,1748014001.766822,1748014001.965894,199.072
773,image-proc,1748014002.022638,1748014002.228026,205.388
774,image-proc,1748014002.268666,1748014002.462531,193.866
775,image-proc,1748014002.525677,1748014002.720634,194.957
776,image-proc,1748014002.765630,1748014002.960951,195.321
777,image-proc,1748014003.020660,1748014003.215656,194.997
778,image-proc,1748014003.265647,1748014003.464435,198.789
779,image-proc,1748014003.524627,1748014003.714272,189.645
780,image-proc,1748014003.769653,1748014003.971963,202.309
781,image-proc,1748014004.025614,1748014004.232679,207.065
782,image-proc,1748014004.285646,1748014004.485255,199.608
783,image-proc,1748014004.555692,1748014004.748379,192.687
784,image-proc,1748014004.818662,1748014005.018290,199.628
785,image-proc,1748014005.067665,1748014005.266927,199.262
786,image-proc,1748014005.326672,1748014005.527302,200.629
787,image-proc,1748014005.585619,1748014005.785285,199.666
788,image-proc,1748014005.843657,1748014006.038074,194.416
789,image-proc,1748014006.084640,1748014006.275807,191.167
790,image-proc,1748014006.344649,1748014006.544891,200.242
791,image-proc,1748014006.604659,1748014006.797459,192.799
792,image-proc,1748014006.855654,1748014007.053604,197.950
793,image-proc,1748014007.110645,1748014007.309413,198.768
794,image-proc,1748014007.356636,1748014007.550544,193.907
795,image-proc,1748014007.614659,1748014007.817111,202.451
796,image-proc,1748014007.872644,1748014008.066277,193.633
797,image-proc,1748014008.119696,1748014008.311565,191.868
798,image-proc,1748014008.369655,1748014008.571574,201.919
799,image-proc,1748014008.621671,1748014008.821531,199.859
800,image-proc,1748014008.863647,1748014009.060717,197.070
801,image-proc,1748014009.113623,1748014009.315121,201.498
802,image-proc,1748014009.369658,1748014009.567929,198.271
803,image-proc,1748014009.632623,1748014009.829999,197.375
804,image-proc,1748014009.879661,1748014010.074895,195.233
805,image-proc,1748014010.128836,1748014010.322737,193.901
806,image-proc,1748014010.382685,1748014010.574520,191.835
807,image-proc,1748014010.653662,1748014010.852137,198.475
808,image-proc,1748014010.903655,1748014011.096048,192.393
809,image-proc,1748014011.161638,1748014011.360751,199.113
810,image-proc,1748014011.419666,1748014011.614724,195.057
811,image-proc,1748014011.666661,1748014011.860322,193.661
812,image-proc,1748014011.909634,1748014012.112599,202.965
813,image-proc,1748014012.163651,1748014012.356358,192.707
814,image-proc,1748014012.419630,1748014012.613577,193.947
815,image-proc,1748014012.667661,1748014012.864973,197.312
816,image-proc,1748014012.915632,1748014013.115089,199.457
817,image-proc,1748014013.180650,1748014013.379977,199.327
818,image-proc,1748014013.438664,1748014013.629979,191.315
819,image-proc,1748014013.697628,1748014013.888739,191.111
820,image-proc,1748014013.947706,1748014014.146421,198.716
821,image-proc,1748014014.220685,1748014014.421707,201.022
822,image-proc,1748014014.492634,1748014014.692344,199.710
823,image-proc,1748014014.751666,1748014014.944890,193.225
824,image-proc,1748014015.009676,1748014015.210349,200.672
825,image-proc,1748014015.254644,1748014015.468757,214.113
826,image-proc,1748014015.522663,1748014015.724035,201.371
827,image-proc,1748014015.774651,1748014015.970912,196.262
828,image-proc,1748014016.013669,1748014016.210414,196.745
829,image-proc,1748014016.256652,1748014016.450441,193.789
830,image-proc,1748014016.506634,1748014016.705962,199.327
831,image-proc,1748014016.755620,1748014016.948040,192.420
832,image-proc,1748014017.003648,1748014017.201954,198.306
833,image-proc,1748014017.248652,1748014017.443248,194.597
834,image-proc,1748014017.492823,1748014017.703635,210.812
835,image-proc,1748014017.755669,1748014017.948529,192.860
836,image-proc,1748014018.017659,1748014018.213950,196.291
837,image-proc,1748014018.258668,1748014018.461562,202.893
838,image-proc,1748014018.531693,1748014018.728141,196.448
839,image-proc,1748014018.798625,1748014018.994275,195.650
840,image-proc,1748014019.066614,1748014019.260767,194.153
841,image-proc,1748014019.330645,1748014019.525527,194.882
842,image-proc,1748014019.589658,1748014019.782551,192.893
843,image-proc,1748014019.841630,1748014020.039746,198.115
844,image-proc,1748014020.090696,1748014020.290539,199.843
845,image-proc,1748014020.341686,1748014020.534998,193.311
846,image-proc,1748014020.577661,1748014020.783674,206.013
847,image-proc,1748014020.834650,1748014021.033999,199.349
848,image-proc,1748014021.085639,1748014021.287897,202.259
849,image-proc,1748014021.324617,1748014021.530570,205.952
850,image-proc,1748014021.583704,1748014021.779417,195.712
851,image-proc,1748014021.830649,1748014022.026217,195.568
852,image-proc,1748014022.071647,1748014022.267480,195.833
853,image-proc,1748014022.326678,1748014022.527900,201.221
854,image-proc,1748014022.578673,1748014022.774088,195.414
855,image-proc,1748014022.838724,1748014023.035889,197.165
856,image-proc,1748014023.107641,1748014023.304720,197.079
857,image-proc,1748014023.356663,1748014023.557264,200.601
858,image-proc,1748014023.611680,1748014023.800836,189.157
859,image-proc,1748014023.845640,1748014024.037624,191.984
860,image-proc,1748014024.085649,1748014024.283874,198.224
861,image-proc,1748014024.343647,1748014024.552309,208.661
862,image-proc,1748014024.617644,1748014024.814457,196.812
863,image-proc,1748014024.863647,1748014025.055525,191.878
864,image-proc,1748014025.110663,1748014025.311670,201.006
865,image-proc,1748014025.355614,1748014025.547451,191.837
866,image-proc,1748014025.593668,1748014025.786503,192.824
867,image-proc,1748014025.830658,1748014026.037515,206.853
868,image-proc,1748014026.087642,1748014026.288215,200.572
869,image-proc,1748014026.353687,1748014026.551101,197.415
870,image-proc,1748014026.614684,1748014026.808616,193.932
871,image-proc,1748014026.881641,1748014027.076280,194.639
872,image-proc,1748014027.125635,1748014027.318027,192.392
873,image-proc,1748014027.379653,1748014027.586725,207.071
874,image-proc,1748014027.644625,1748014027.842249,197.623
875,image-proc,1748014027.883687,1748014028.087588,203.901
876,image-proc,1748014028.152645,1748014028.344954,192.308
877,image-proc,1748014028.392663,1748014028.587581,194.918
878,image-proc,1748014028.644640,1748014028.835867,191.227
879,image-proc,1748014028.892717,1748014029.085301,192.583
880,image-proc,1748014029.146675,1748014029.341722,195.046
881,image-proc,1748014029.386668,1748014029.581154,194.486
882,image-proc,1748014029.631657,1748014029.825741,194.084
883,image-proc,1748014029.877666,1748014030.070152,192.486
884,image-proc,1748014030.146625,1748014030.356892,210.267
885,image-proc,1748014030.409675,1748014030.599833,190.158
886,image-proc,1748014030.665681,1748014030.860042,194.361
887,image-proc,1748014030.921668,1748014031.110441,188.773
888,image-proc,1748014031.163642,1748014031.355772,192.129
889,image-proc,1748014031.398645,1748014031.603555,204.909
890,image-proc,1748014031.654636,1748014031.851336,196.699
891,image-proc,1748014031.903663,1748014032.090692,187.029
892,image-proc,1748014032.143692,1748014032.344400,200.708
893,image-proc,1748014032.393650,1748014032.586470,192.820
894,image-proc,1748014032.648681,1748014032.847835,199.153
895,image-proc,1748014032.907641,1748014033.103566,195.924
896,image-proc,1748014033.152644,1748014033.350750,198.106
897,image-proc,1748014033.414811,1748014033.618937,204.126
898,image-proc,1748014033.676661,1748014033.877067,200.406
899,image-proc,1748014033.927692,1748014034.124869,197.177
900,image-proc,1748014034.179644,1748014034.379210,199.566
901,image-proc,1748014034.433651,1748014034.629634,195.984
902,image-proc,1748014034.678664,1748014034.874153,195.488
903,image-proc,1748014034.925687,1748014035.120949,195.262
904,image-proc,1748014035.181669,1748014035.377958,196.289
905,image-proc,1748014035.427672,1748014035.625073,197.401
906,image-proc,1748014035.668647,1748014035.863154,194.507
907,image-proc,1748014035.911643,1748014036.114873,203.230
908,image-proc,1748014036.167704,1748014036.356274,188.570
909,image-proc,1748014036.408659,1748014036.601539,192.880
910,image-proc,1748014036.651646,1748014036.858481,206.834
911,image-proc,1748014036.904724,1748014037.107452,202.727
912,image-proc,1748014037.158704,1748014037.358524,199.819
913,image-proc,1748014037.407668,1748014037.606530,198.862
914,image-proc,1748014037.671698,1748014037.866717,195.019
915,image-proc,1748014037.918643,1748014038.115370,196.727
916,image-proc,1748014038.189687,1748014038.388384,198.697
917,image-proc,1748014038.450652,1748014038.652028,201.376
918,image-proc,1748014038.718676,1748014038.912339,193.663
919,image-proc,1748014038.976669,1748014039.170649,193.981
920,image-proc,1748014039.218639,1748014039.412853,194.213
921,image-proc,1748014039.467668,1748014039.662429,194.761
922,image-proc,1748014039.720726,1748014039.921094,200.366
923,image-proc,1748014039.968678,1748014040.177106,208.429
924,image-proc,1748014040.231670,1748014040.422744,191.073
925,image-proc,1748014040.479652,1748014040.681997,202.345
926,image-proc,1748014040.758666,1748014040.953521,194.856
927,image-proc,1748014041.012640,1748014041.209214,196.574
928,image-proc,1748014041.280634,1748014041.482335,201.701
929,image-proc,1748014041.550657,1748014041.743962,193.304
930,image-proc,1748014041.804639,1748014042.001861,197.222
931,image-proc,1748014042.054652,1748014042.254206,199.555
932,image-proc,1748014042.308639,1748014042.504412,195.773
933,image-proc,1748014042.566648,1748014042.769994,203.345
934,image-proc,1748014042.822664,1748014043.023751,201.087
935,image-proc,1748014043.077634,1748014043.273260,195.627
936,image-proc,1748014043.333647,1748014043.536781,203.133
937,image-proc,1748014043.588652,1748014043.797137,208.484
938,image-proc,1748014043.853652,1748014044.048455,194.804
939,image-proc,1748014044.095643,1748014044.294137,198.494
940,image-proc,1748014044.342686,1748014044.534137,191.451
941,image-proc,1748014044.589652,1748014044.780657,191.005
942,image-proc,1748014044.835666,1748014045.034811,199.146
943,image-proc,1748014045.105656,1748014045.305193,199.537
944,image-proc,1748014045.352705,1748014045.550045,197.340
945,image-proc,1748014045.612823,1748014045.814972,202.147
946,image-proc,1748014045.871654,1748014046.063071,191.416
947,image-proc,1748014046.108658,1748014046.307112,198.453
948,image-proc,1748014046.366672,1748014046.561567,194.895
949,image-proc,1748014046.607652,1748014046.808335,200.683
950,image-proc,1748014046.856707,1748014047.053419,196.712
951,image-proc,1748014047.109669,1748014047.302096,192.427
952,image-proc,1748014047.359669,1748014047.554006,194.336
953,image-proc,1748014047.600623,1748014047.790476,189.853
954,image-proc,1748014047.838645,1748014048.034009,195.364
955,image-proc,1748014048.104687,1748014048.297736,193.049
956,image-proc,1748014048.338692,1748014048.538457,199.764
957,image-proc,1748014048.586621,1748014048.785144,198.522
958,image-proc,1748014048.847650,1748014049.052423,204.773
959,image-proc,1748014049.116647,1748014049.316339,199.691
960,image-proc,1748014049.388656,1748014049.582407,193.751
961,image-proc,1748014049.654655,1748014049.854937,200.281
962,image-proc,1748014049.936679,1748014050.133588,196.909
963,image-proc,1748014050.191648,1748014050.400175,208.527
964,image-proc,1748014050.446636,1748014050.649293,202.656
965,image-proc,1748014050.718668,1748014050.918790,200.122
966,image-proc,1748014050.971737,1748014051.165401,193.664
967,image-proc,1748014051.215635,1748014051.412316,196.681
968,image-proc,1748014051.458632,1748014051.657252,198.619
969,image-proc,1748014051.710626,1748014051.903443,192.816
970,image-proc,1748014051.953640,1748014052.142288,188.648
971,image-proc,1748014052.192626,1748014052.388444,195.817
972,image-proc,1748014052.437645,1748014052.628073,190.429
973,image-proc,1748014052.697664,1748014052.898693,201.028
974,image-proc,1748014052.958659,1748014053.152028,193.368
975,image-proc,1748014053.229647,1748014053.430339,200.690
976,image-proc,1748014053.498646,1748014053.697807,199.161
977,image-proc,1748014053.754623,1748014053.948217,193.594
978,image-proc,1748014054.011643,1748014054.211630,199.987
979,image-proc,1748014054.272695,1748014054.478038,205.343
980,image-proc,1748014054.526639,1748014054.725592,198.953
981,image-proc,1748014054.779697,1748014054.975212,195.514
982,image-proc,1748014055.039729,1748014055.236015,196.285
983,image-proc,1748014055.290646,1748014055.494447,203.800
984,image-proc,1748014055.563651,1748014055.757060,193.409
985,image-proc,1748014055.807741,1748014056.008989,201.248
986,image-proc,1748014056.056656,1748014056.258956,202.300
987,image-proc,1748014056.306663,1748014056.502974,196.311
988,image-proc,1748014056.558636,1748014056.767163,208.526
989,image-proc,1748014056.822678,1748014057.016309,193.630
990,image-proc,1748014057.068638,1748014057.266665,198.027
991,image-proc,1748014057.321658,1748014057.516949,195.291
992,image-proc,1748014057.569657,1748014057.763076,193.418
993,image-proc,1748014057.820632,1748014058.023198,202.565
994,image-proc,1748014058.085659,1748014058.288138,202.479
995,image-proc,1748014058.330646,1748014058.538353,207.707
996,image-proc,1748014058.597648,1748014058.797251,199.603
997,image-proc,1748014058.846674,1748014059.046189,199.514
998,image-proc,1748014059.105654,1748014059.302721,197.066
999,image-proc,1748014059.362629,1748014059.566424,203.795
