num_iteration,func_name,start_unix_timestamp,end_unix_timestamp,elapsed_ms
0,image-proc,1747910941.417518,1747910941.548435,130.917
1,image-proc,1747910941.685100,1747910941.821726,136.625
2,image-proc,1747910941.940755,1747910942.072555,131.800
3,image-proc,1747910942.184024,1747910942.321711,137.686
4,image-proc,1747910942.445921,1747910942.581831,135.909
5,image-proc,1747910942.694158,1747910942.828626,134.467
6,image-proc,1747910942.941647,1747910943.074451,132.806
7,image-proc,1747910943.198643,1747910943.339263,140.619
8,image-proc,1747910943.465028,1747910943.603158,138.130
9,image-proc,1747910943.744055,1747910943.873565,129.510
10,image-proc,1747910944.007020,1747910944.144833,137.812
11,image-proc,1747910944.254676,1747910944.382129,127.453
12,image-proc,1747910944.513072,1747910944.642948,129.875
13,image-proc,1747910944.758144,1747910944.887525,129.381
14,image-proc,1747910945.019601,1747910945.156271,136.671
15,image-proc,1747910945.277959,1747910945.405465,127.505
16,image-proc,1747910945.541859,1747910945.671653,129.794
17,image-proc,1747910945.792552,1747910945.922445,129.893
18,image-proc,1747910946.039122,1747910946.177065,137.943
19,image-proc,1747910946.317168,1747910946.452144,134.975
20,image-proc,1747910946.590944,1747910946.729432,138.488
21,image-proc,1747910946.857211,1747910946.997021,139.808
22,image-proc,1747910947.119872,1747910947.251466,131.594
23,image-proc,1747910947.365116,1747910947.490793,125.676
24,image-proc,1747910947.614678,1747910947.747619,132.941
25,image-proc,1747910947.866393,1747910947.996102,129.709
26,image-proc,1747910948.109943,1747910948.241138,131.194
27,image-proc,1747910948.356580,1747910948.490264,133.684
28,image-proc,1747910948.597089,1747910948.738348,141.259
29,image-proc,1747910948.854485,1747910948.983177,128.691
30,image-proc,1747910949.097307,1747910949.231749,134.441
31,image-proc,1747910949.356507,1747910949.487698,131.191
32,image-proc,1747910949.619519,1747910949.747525,128.005
33,image-proc,1747910949.871072,1747910949.998354,127.282
34,image-proc,1747910950.122038,1747910950.252893,130.854
35,image-proc,1747910950.381353,1747910950.516675,135.322
36,image-proc,1747910950.640959,1747910950.773293,132.334
37,image-proc,1747910950.882419,1747910951.021341,138.921
38,image-proc,1747910951.133490,1747910951.259824,126.333
39,image-proc,1747910951.386537,1747910951.523619,137.080
40,image-proc,1747910951.641926,1747910951.777141,135.215
41,image-proc,1747910951.894551,1747910952.024371,129.820
42,image-proc,1747910952.161611,1747910952.298020,136.409
43,image-proc,1747910952.408260,1747910952.547912,139.651
44,image-proc,1747910952.673008,1747910952.798469,125.461
45,image-proc,1747910952.912351,1747910953.041300,128.948
46,image-proc,1747910953.167198,1747910953.299361,132.163
47,image-proc,1747910953.418309,1747910953.554049,135.739
48,image-proc,1747910953.678081,1747910953.806834,128.752
49,image-proc,1747910953.924332,1747910954.063291,138.957
50,image-proc,1747910954.191031,1747910954.320759,129.727
51,image-proc,1747910954.446400,1747910954.569607,123.207
52,image-proc,1747910954.698509,1747910954.834311,135.802
53,image-proc,1747910954.944453,1747910955.077136,132.684
54,image-proc,1747910955.198933,1747910955.331237,132.303
55,image-proc,1747910955.448859,1747910955.582119,133.260
56,image-proc,1747910955.698961,1747910955.835955,136.993
57,image-proc,1747910955.962509,1747910956.096084,133.574
58,image-proc,1747910956.217272,1747910956.353436,136.164
59,image-proc,1747910956.473210,1747910956.608460,135.251
60,image-proc,1747910956.724200,1747910956.858445,134.245
61,image-proc,1747910957.002620,1747910957.148910,146.290
62,image-proc,1747910957.263290,1747910957.394731,131.441
63,image-proc,1747910957.507625,1747910957.652653,145.028
64,image-proc,1747910957.776134,1747910957.907219,131.085
65,image-proc,1747910958.027784,1747910958.159584,131.799
66,image-proc,1747910958.274377,1747910958.404596,130.219
67,image-proc,1747910958.533034,1747910958.667142,134.108
68,image-proc,1747910958.804157,1747910958.938797,134.638
69,image-proc,1747910959.058074,1747910959.185600,127.524
70,image-proc,1747910959.302397,1747910959.432629,130.231
71,image-proc,1747910959.553066,1747910959.689846,136.779
72,image-proc,1747910959.810150,1747910959.948124,137.973
73,image-proc,1747910960.068945,1747910960.203532,134.587
74,image-proc,1747910960.342664,1747910960.475574,132.911
75,image-proc,1747910960.598377,1747910960.734981,136.603
76,image-proc,1747910960.845621,1747910960.979930,134.309
77,image-proc,1747910961.094862,1747910961.224124,129.261
78,image-proc,1747910961.344118,1747910961.477971,133.854
79,image-proc,1747910961.597209,1747910961.737022,139.813
80,image-proc,1747910961.858473,1747910961.990508,132.018
81,image-proc,1747910962.104437,1747910962.237030,132.592
82,image-proc,1747910962.346694,1747910962.475997,129.302
83,image-proc,1747910962.597848,1747910962.737135,139.286
84,image-proc,1747910962.852428,1747910962.992309,139.881
85,image-proc,1747910963.107505,1747910963.238116,130.610
86,image-proc,1747910963.352629,1747910963.484225,131.594
87,image-proc,1747910963.616543,1747910963.752681,136.137
88,image-proc,1747910963.874909,1747910963.998436,123.527
89,image-proc,1747910964.115107,1747910964.256542,141.435
90,image-proc,1747910964.376321,1747910964.502615,126.295
91,image-proc,1747910964.621716,1747910964.753166,131.449
92,image-proc,1747910964.874464,1747910965.013974,139.509
93,image-proc,1747910965.120431,1747910965.250942,130.509
94,image-proc,1747910965.368219,1747910965.501356,133.135
95,image-proc,1747910965.614411,1747910965.747351,132.938
96,image-proc,1747910965.861506,1747910965.994952,133.445
97,image-proc,1747910966.118191,1747910966.250160,131.969
98,image-proc,1747910966.369137,1747910966.501644,132.506
99,image-proc,1747910966.610200,1747910966.754770,144.570
100,image-proc,1747910966.871340,1747910967.008078,136.738
101,image-proc,1747910967.118452,1747910967.247081,128.628
102,image-proc,1747910967.366584,1747910967.503476,136.891
103,image-proc,1747910967.642200,1747910967.783745,141.545
104,image-proc,1747910967.901377,1747910968.035909,134.532
105,image-proc,1747910968.179864,1747910968.316391,136.526
106,image-proc,1747910968.445104,1747910968.582223,137.118
107,image-proc,1747910968.702167,1747910968.832848,130.681
108,image-proc,1747910968.950281,1747910969.084235,133.953
109,image-proc,1747910969.212812,1747910969.348632,135.820
110,image-proc,1747910969.464441,1747910969.595193,130.750
111,image-proc,1747910969.723896,1747910969.867748,143.852
112,image-proc,1747910969.977744,1747910970.109911,132.168
113,image-proc,1747910970.218598,1747910970.346904,128.305
114,image-proc,1747910970.475373,1747910970.608261,132.887
115,image-proc,1747910970.719469,1747910970.859720,140.251
116,image-proc,1747910970.969824,1747910971.095187,125.362
117,image-proc,1747910971.219425,1747910971.353857,134.431
118,image-proc,1747910971.470561,1747910971.605615,135.055
119,image-proc,1747910971.727950,1747910971.860784,132.833
120,image-proc,1747910971.984791,1747910972.117485,132.693
121,image-proc,1747910972.245603,1747910972.383440,137.837
122,image-proc,1747910972.506717,1747910972.641259,134.542
123,image-proc,1747910972.766241,1747910972.901489,135.246
124,image-proc,1747910973.016656,1747910973.143200,126.544
125,image-proc,1747910973.264047,1747910973.401532,137.485
126,image-proc,1747910973.514095,1747910973.654413,140.317
127,image-proc,1747910973.776232,1747910973.909846,133.613
128,image-proc,1747910974.040128,1747910974.172842,132.712
129,image-proc,1747910974.296090,1747910974.431730,135.639
130,image-proc,1747910974.547765,1747910974.677626,129.861
131,image-proc,1747910974.800511,1747910974.935538,135.026
132,image-proc,1747910975.058640,1747910975.191487,132.846
133,image-proc,1747910975.302426,1747910975.427395,124.969
134,image-proc,1747910975.540617,1747910975.668296,127.678
135,image-proc,1747910975.782194,1747910975.915943,133.747
136,image-proc,1747910976.036288,1747910976.170072,133.783
137,image-proc,1747910976.285041,1747910976.412135,127.094
138,image-proc,1747910976.532770,1747910976.669409,136.638
139,image-proc,1747910976.786702,1747910976.921728,135.026
140,image-proc,1747910977.041156,1747910977.172904,131.747
141,image-proc,1747910977.293581,1747910977.419159,125.577
142,image-proc,1747910977.538612,1747910977.675716,137.104
143,image-proc,1747910977.805379,1747910977.948677,143.297
144,image-proc,1747910978.079850,1747910978.209248,129.396
145,image-proc,1747910978.331418,1747910978.459685,128.268
146,image-proc,1747910978.578757,1747910978.707654,128.896
147,image-proc,1747910978.818907,1747910978.952295,133.388
148,image-proc,1747910979.067684,1747910979.206002,138.318
149,image-proc,1747910979.331714,1747910979.459033,127.319
150,image-proc,1747910979.582748,1747910979.713679,130.930
151,image-proc,1747910979.832103,1747910979.966844,134.740
152,image-proc,1747910980.078591,1747910980.212980,134.389
153,image-proc,1747910980.322915,1747910980.461516,138.600
154,image-proc,1747910980.582698,1747910980.721058,138.359
155,image-proc,1747910980.839023,1747910980.982335,143.312
156,image-proc,1747910981.094986,1747910981.228520,133.534
157,image-proc,1747910981.344475,1747910981.481304,136.828
158,image-proc,1747910981.598701,1747910981.732318,133.616
159,image-proc,1747910981.851531,1747910981.992899,141.368
160,image-proc,1747910982.107767,1747910982.242085,134.318
161,image-proc,1747910982.381946,1747910982.522052,140.104
162,image-proc,1747910982.651696,1747910982.782890,131.193
163,image-proc,1747910982.900088,1747910983.030535,130.447
164,image-proc,1747910983.153918,1747910983.277749,123.831
165,image-proc,1747910983.390922,1747910983.522399,131.476
166,image-proc,1747910983.648963,1747910983.789794,140.831
167,image-proc,1747910983.905444,1747910984.039404,133.959
168,image-proc,1747910984.164867,1747910984.307579,142.712
169,image-proc,1747910984.434566,1747910984.562602,128.036
170,image-proc,1747910984.676728,1747910984.805562,128.834
171,image-proc,1747910984.917008,1747910985.041995,124.987
172,image-proc,1747910985.175622,1747910985.308633,133.010
173,image-proc,1747910985.454839,1747910985.590709,135.869
174,image-proc,1747910985.714076,1747910985.845595,131.520
175,image-proc,1747910985.956811,1747910986.088571,131.759
176,image-proc,1747910986.199944,1747910986.330097,130.151
177,image-proc,1747910986.434879,1747910986.566813,131.933
178,image-proc,1747910986.689750,1747910986.825273,135.521
179,image-proc,1747910986.963459,1747910987.093206,129.746
180,image-proc,1747910987.229288,1747910987.364289,135.000
181,image-proc,1747910987.477837,1747910987.607831,129.992
182,image-proc,1747910987.724299,1747910987.858769,134.469
183,image-proc,1747910987.993649,1747910988.133432,139.783
184,image-proc,1747910988.248692,1747910988.376279,127.587
185,image-proc,1747910988.506565,1747910988.640192,133.627
186,image-proc,1747910988.763126,1747910988.898680,135.553
187,image-proc,1747910989.024550,1747910989.159720,135.170
188,image-proc,1747910989.295849,1747910989.426188,130.338
189,image-proc,1747910989.551805,1747910989.677309,125.504
190,image-proc,1747910989.804951,1747910989.934160,129.207
191,image-proc,1747910990.043643,1747910990.171688,128.045
192,image-proc,1747910990.296900,1747910990.428353,131.451
193,image-proc,1747910990.536913,1747910990.681827,144.915
194,image-proc,1747910990.797840,1747910990.934420,136.579
195,image-proc,1747910991.058936,1747910991.194459,135.523
196,image-proc,1747910991.312279,1747910991.447918,135.637
197,image-proc,1747910991.563772,1747910991.700418,136.645
198,image-proc,1747910991.836980,1747910991.967720,130.738
199,image-proc,1747910992.093305,1747910992.222023,128.717
200,image-proc,1747910992.351223,1747910992.484302,133.078
201,image-proc,1747910992.596830,1747910992.725883,129.052
202,image-proc,1747910992.869569,1747910993.001614,132.044
203,image-proc,1747910993.132390,1747910993.267212,134.820
204,image-proc,1747910993.399155,1747910993.532761,133.605
205,image-proc,1747910993.669893,1747910993.800640,130.748
206,image-proc,1747910993.934325,1747910994.073882,139.556
207,image-proc,1747910994.184339,1747910994.316692,132.352
208,image-proc,1747910994.450380,1747910994.585407,135.027
209,image-proc,1747910994.714066,1747910994.846447,132.380
210,image-proc,1747910994.971333,1747910995.113384,142.050
211,image-proc,1747910995.224679,1747910995.356345,131.666
212,image-proc,1747910995.481611,1747910995.613472,131.861
213,image-proc,1747910995.730988,1747910995.871231,140.243
214,image-proc,1747910996.002746,1747910996.132879,130.132
215,image-proc,1747910996.248613,1747910996.378699,130.085
216,image-proc,1747910996.492443,1747910996.621006,128.563
217,image-proc,1747910996.731809,1747910996.864646,132.836
218,image-proc,1747910996.986392,1747910997.126517,140.125
219,image-proc,1747910997.235759,1747910997.365551,129.791
220,image-proc,1747910997.507452,1747910997.641149,133.698
221,image-proc,1747910997.774983,1747910997.914415,139.433
222,image-proc,1747910998.038644,1747910998.172999,134.354
223,image-proc,1747910998.295622,1747910998.427561,131.939
224,image-proc,1747910998.541348,1747910998.668301,126.952
225,image-proc,1747910998.796518,1747910998.923012,126.494
226,image-proc,1747910999.045281,1747910999.182604,137.323
227,image-proc,1747910999.310028,1747910999.443913,133.883
228,image-proc,1747910999.561779,1747910999.693571,131.791
229,image-proc,1747910999.817048,1747910999.956127,139.077
230,image-proc,1747911000.073730,1747911000.206691,132.960
231,image-proc,1747911000.317125,1747911000.451451,134.324
232,image-proc,1747911000.578741,1747911000.714585,135.844
233,image-proc,1747911000.839283,1747911000.978909,139.625
234,image-proc,1747911001.089591,1747911001.228680,139.088
235,image-proc,1747911001.342938,1747911001.471423,128.485
236,image-proc,1747911001.586784,1747911001.725265,138.481
237,image-proc,1747911001.845076,1747911001.978151,133.074
238,image-proc,1747911002.094778,1747911002.224313,129.535
239,image-proc,1747911002.343297,1747911002.477978,134.679
240,image-proc,1747911002.589615,1747911002.725985,136.370
241,image-proc,1747911002.833295,1747911002.969744,136.448
242,image-proc,1747911003.082613,1747911003.208624,126.011
243,image-proc,1747911003.318765,1747911003.444884,126.118
244,image-proc,1747911003.565882,1747911003.691622,125.740
245,image-proc,1747911003.808867,1747911003.938572,129.705
246,image-proc,1747911004.063620,1747911004.205858,142.238
247,image-proc,1747911004.324346,1747911004.458235,133.889
248,image-proc,1747911004.596796,1747911004.733464,136.667
249,image-proc,1747911004.882360,1747911005.014269,131.909
250,image-proc,1747911005.142557,1747911005.272779,130.221
251,image-proc,1747911005.393517,1747911005.536166,142.650
252,image-proc,1747911005.666639,1747911005.791208,124.569
253,image-proc,1747911005.907761,1747911006.040524,132.763
254,image-proc,1747911006.151505,1747911006.283630,132.124
255,image-proc,1747911006.399683,1747911006.537593,137.911
256,image-proc,1747911006.668003,1747911006.798594,130.590
257,image-proc,1747911006.941863,1747911007.072759,130.895
258,image-proc,1747911007.195537,1747911007.337528,141.991
259,image-proc,1747911007.462329,1747911007.597835,135.506
260,image-proc,1747911007.736557,1747911007.868685,132.127
261,image-proc,1747911007.986134,1747911008.120075,133.941
262,image-proc,1747911008.252994,1747911008.383307,130.312
263,image-proc,1747911008.496840,1747911008.638250,141.408
264,image-proc,1747911008.760963,1747911008.899052,138.088
265,image-proc,1747911009.042713,1747911009.185131,142.418
266,image-proc,1747911009.308150,1747911009.445210,137.059
267,image-proc,1747911009.570120,1747911009.705888,135.767
268,image-proc,1747911009.844028,1747911009.981977,137.947
269,image-proc,1747911010.091738,1747911010.220827,129.089
270,image-proc,1747911010.333221,1747911010.467294,134.073
271,image-proc,1747911010.611856,1747911010.751022,139.166
272,image-proc,1747911010.880304,1747911011.018238,137.933
273,image-proc,1747911011.147313,1747911011.284639,137.325
274,image-proc,1747911011.403733,1747911011.535897,132.163
275,image-proc,1747911011.673037,1747911011.819211,146.174
276,image-proc,1747911011.943383,1747911012.079218,135.835
277,image-proc,1747911012.206775,1747911012.340318,133.542
278,image-proc,1747911012.462270,1747911012.600851,138.579
279,image-proc,1747911012.735000,1747911012.870314,135.313
280,image-proc,1747911012.991366,1747911013.128202,136.836
281,image-proc,1747911013.236882,1747911013.366786,129.903
282,image-proc,1747911013.485226,1747911013.627988,142.761
283,image-proc,1747911013.742794,1747911013.881051,138.255
284,image-proc,1747911014.016868,1747911014.149840,132.972
285,image-proc,1747911014.271102,1747911014.404622,133.519
286,image-proc,1747911014.512829,1747911014.646591,133.762
287,image-proc,1747911014.776131,1747911014.913619,137.487
288,image-proc,1747911015.055505,1747911015.188912,133.406
289,image-proc,1747911015.306014,1747911015.445693,139.679
290,image-proc,1747911015.557734,1747911015.691448,133.714
291,image-proc,1747911015.828506,1747911015.968749,140.243
292,image-proc,1747911016.076939,1747911016.216197,139.257
293,image-proc,1747911016.348878,1747911016.486532,137.653
294,image-proc,1747911016.625818,1747911016.765941,140.123
295,image-proc,1747911016.896622,1747911017.028849,132.227
296,image-proc,1747911017.142111,1747911017.270235,128.124
297,image-proc,1747911017.392320,1747911017.530236,137.916
298,image-proc,1747911017.645351,1747911017.785639,140.287
299,image-proc,1747911017.910834,1747911018.053952,143.117
300,image-proc,1747911018.180250,1747911018.310579,130.327
301,image-proc,1747911018.440485,1747911018.571102,130.617
302,image-proc,1747911018.685783,1747911018.821707,135.924
303,image-proc,1747911018.934753,1747911019.077806,143.053
304,image-proc,1747911019.193009,1747911019.330907,137.899
305,image-proc,1747911019.446895,1747911019.581966,135.069
306,image-proc,1747911019.721167,1747911019.853196,132.030
307,image-proc,1747911019.970329,1747911020.104237,133.906
308,image-proc,1747911020.226187,1747911020.365916,139.729
309,image-proc,1747911020.488594,1747911020.616545,127.950
310,image-proc,1747911020.730956,1747911020.857168,126.211
311,image-proc,1747911020.969641,1747911021.100780,131.139
312,image-proc,1747911021.225700,1747911021.357270,131.569
313,image-proc,1747911021.472696,1747911021.609247,136.551
314,image-proc,1747911021.745721,1747911021.882047,136.325
315,image-proc,1747911022.014295,1747911022.159729,145.433
316,image-proc,1747911022.286081,1747911022.416279,130.197
317,image-proc,1747911022.549795,1747911022.682154,132.358
318,image-proc,1747911022.792882,1747911022.927551,134.669
319,image-proc,1747911023.062473,1747911023.192852,130.380
320,image-proc,1747911023.317918,1747911023.448919,131.001
321,image-proc,1747911023.592698,1747911023.722338,129.639
322,image-proc,1747911023.840167,1747911023.979043,138.874
323,image-proc,1747911024.104551,1747911024.230989,126.438
324,image-proc,1747911024.342982,1747911024.473783,130.801
325,image-proc,1747911024.588016,1747911024.722558,134.542
326,image-proc,1747911024.856425,1747911024.986271,129.846
327,image-proc,1747911025.101640,1747911025.240691,139.050
328,image-proc,1747911025.369104,1747911025.499980,130.875
329,image-proc,1747911025.631320,1747911025.755988,124.667
330,image-proc,1747911025.870036,1747911026.001373,131.337
331,image-proc,1747911026.129332,1747911026.258824,129.492
332,image-proc,1747911026.377287,1747911026.515258,137.971
333,image-proc,1747911026.637436,1747911026.774306,136.869
334,image-proc,1747911026.889623,1747911027.024380,134.756
335,image-proc,1747911027.137816,1747911027.274334,136.518
336,image-proc,1747911027.402690,1747911027.539593,136.902
337,image-proc,1747911027.665560,1747911027.799758,134.197
338,image-proc,1747911027.926984,1747911028.063312,136.328
339,image-proc,1747911028.194954,1747911028.320990,126.036
340,image-proc,1747911028.435700,1747911028.573878,138.176
341,image-proc,1747911028.690867,1747911028.825549,134.682
342,image-proc,1747911028.973560,1747911029.110349,136.788
343,image-proc,1747911029.239829,1747911029.374110,134.283
344,image-proc,1747911029.489398,1747911029.620669,131.270
345,image-proc,1747911029.734786,1747911029.877679,142.892
346,image-proc,1747911030.006233,1747911030.137185,130.952
347,image-proc,1747911030.266486,1747911030.394427,127.939
348,image-proc,1747911030.516185,1747911030.652011,135.826
349,image-proc,1747911030.777944,1747911030.906696,128.752
350,image-proc,1747911031.020795,1747911031.149731,128.936
351,image-proc,1747911031.263562,1747911031.390435,126.873
352,image-proc,1747911031.508334,1747911031.651586,143.252
353,image-proc,1747911031.765771,1747911031.903582,137.809
354,image-proc,1747911032.028255,1747911032.169923,141.669
355,image-proc,1747911032.281704,1747911032.409149,127.444
356,image-proc,1747911032.541574,1747911032.670918,129.343
357,image-proc,1747911032.798046,1747911032.929830,131.784
358,image-proc,1747911033.048242,1747911033.172096,123.854
359,image-proc,1747911033.300867,1747911033.438439,137.572
360,image-proc,1747911033.551598,1747911033.682040,130.442
361,image-proc,1747911033.816993,1747911033.953084,136.090
362,image-proc,1747911034.085832,1747911034.216719,130.885
363,image-proc,1747911034.347213,1747911034.483125,135.912
364,image-proc,1747911034.602728,1747911034.742795,140.067
365,image-proc,1747911034.873250,1747911035.010139,136.888
366,image-proc,1747911035.121860,1747911035.255373,133.513
367,image-proc,1747911035.377918,1747911035.510940,133.021
368,image-proc,1747911035.629471,1747911035.759044,129.572
369,image-proc,1747911035.876158,1747911036.003604,127.448
370,image-proc,1747911036.120641,1747911036.256053,135.412
371,image-proc,1747911036.373985,1747911036.508572,134.586
372,image-proc,1747911036.640237,1747911036.772143,131.904
373,image-proc,1747911036.883884,1747911037.018955,135.071
374,image-proc,1747911037.137905,1747911037.271096,133.190
375,image-proc,1747911037.386778,1747911037.520910,134.132
376,image-proc,1747911037.636916,1747911037.772481,135.566
377,image-proc,1747911037.889940,1747911038.018331,128.390
378,image-proc,1747911038.143231,1747911038.266856,123.624
379,image-proc,1747911038.399372,1747911038.527704,128.332
380,image-proc,1747911038.646416,1747911038.780965,134.548
381,image-proc,1747911038.901881,1747911039.031563,129.682
382,image-proc,1747911039.148666,1747911039.295392,146.726
383,image-proc,1747911039.406025,1747911039.536408,130.382
384,image-proc,1747911039.648447,1747911039.784666,136.219
385,image-proc,1747911039.909204,1747911040.041756,132.551
386,image-proc,1747911040.162721,1747911040.305685,142.962
387,image-proc,1747911040.420625,1747911040.557217,136.591
388,image-proc,1747911040.670118,1747911040.804373,134.254
389,image-proc,1747911040.916075,1747911041.053856,137.781
390,image-proc,1747911041.173471,1747911041.312299,138.828
391,image-proc,1747911041.439326,1747911041.572808,133.482
392,image-proc,1747911041.704999,1747911041.835263,130.264
393,image-proc,1747911041.957721,1747911042.090739,133.018
394,image-proc,1747911042.205329,1747911042.346539,141.209
395,image-proc,1747911042.459719,1747911042.590177,130.458
396,image-proc,1747911042.724779,1747911042.860856,136.076
397,image-proc,1747911042.989068,1747911043.120697,131.629
398,image-proc,1747911043.261917,1747911043.405331,143.414
399,image-proc,1747911043.520173,1747911043.645864,125.691
400,image-proc,1747911043.779718,1747911043.907833,128.114
401,image-proc,1747911044.026795,1747911044.152826,126.030
402,image-proc,1747911044.280671,1747911044.413656,132.984
403,image-proc,1747911044.534333,1747911044.666021,131.688
404,image-proc,1747911044.784576,1747911044.931070,146.494
405,image-proc,1747911045.055128,1747911045.189056,133.928
406,image-proc,1747911045.305328,1747911045.435335,130.006
407,image-proc,1747911045.565244,1747911045.701192,135.948
408,image-proc,1747911045.832810,1747911045.966231,133.421
409,image-proc,1747911046.110350,1747911046.239427,129.077
410,image-proc,1747911046.358922,1747911046.490756,131.834
411,image-proc,1747911046.609511,1747911046.743176,133.665
412,image-proc,1747911046.869880,1747911047.002288,132.408
413,image-proc,1747911047.130385,1747911047.263386,133.000
414,image-proc,1747911047.376417,1747911047.512371,135.954
415,image-proc,1747911047.627763,1747911047.757127,129.364
416,image-proc,1747911047.880647,1747911048.009003,128.356
417,image-proc,1747911048.123699,1747911048.258469,134.770
418,image-proc,1747911048.390201,1747911048.522480,132.279
419,image-proc,1747911048.639314,1747911048.778557,139.242
420,image-proc,1747911048.909742,1747911049.045002,135.260
421,image-proc,1747911049.168374,1747911049.306342,137.968
422,image-proc,1747911049.428931,1747911049.557430,128.500
423,image-proc,1747911049.679045,1747911049.818214,139.168
424,image-proc,1747911049.957296,1747911050.088762,131.466
425,image-proc,1747911050.202653,1747911050.338418,135.765
426,image-proc,1747911050.469936,1747911050.601182,131.246
427,image-proc,1747911050.722422,1747911050.854865,132.443
428,image-proc,1747911050.971516,1747911051.099327,127.812
429,image-proc,1747911051.225988,1747911051.357682,131.693
430,image-proc,1747911051.486344,1747911051.625019,138.674
431,image-proc,1747911051.750566,1747911051.890646,140.079
432,image-proc,1747911052.013381,1747911052.150230,136.849
433,image-proc,1747911052.297818,1747911052.429576,131.756
434,image-proc,1747911052.562603,1747911052.696302,133.700
435,image-proc,1747911052.820883,1747911052.960281,139.397
436,image-proc,1747911053.081011,1747911053.212189,131.178
437,image-proc,1747911053.327088,1747911053.475046,147.958
438,image-proc,1747911053.597358,1747911053.734091,136.732
439,image-proc,1747911053.883574,1747911054.014254,130.680
440,image-proc,1747911054.136516,1747911054.274684,138.168
441,image-proc,1747911054.399648,1747911054.527658,128.009
442,image-proc,1747911054.668486,1747911054.803954,135.468
443,image-proc,1747911054.914246,1747911055.049859,135.612
444,image-proc,1747911055.177879,1747911055.309203,131.325
445,image-proc,1747911055.425433,1747911055.556175,130.742
446,image-proc,1747911055.676050,1747911055.804566,128.516
447,image-proc,1747911055.928313,1747911056.057718,129.405
448,image-proc,1747911056.175028,1747911056.304455,129.427
449,image-proc,1747911056.426987,1747911056.554518,127.531
450,image-proc,1747911056.687788,1747911056.830631,142.841
451,image-proc,1747911056.953305,1747911057.083392,130.087
452,image-proc,1747911057.208509,1747911057.337486,128.976
453,image-proc,1747911057.452282,1747911057.588783,136.502
454,image-proc,1747911057.696752,1747911057.830017,133.264
455,image-proc,1747911057.944252,1747911058.073484,129.231
456,image-proc,1747911058.193847,1747911058.324852,131.004
457,image-proc,1747911058.448004,1747911058.584588,136.583
458,image-proc,1747911058.716869,1747911058.849791,132.921
459,image-proc,1747911058.975951,1747911059.112414,136.463
460,image-proc,1747911059.241486,1747911059.377562,136.076
461,image-proc,1747911059.513007,1747911059.643571,130.564
462,image-proc,1747911059.776360,1747911059.918154,141.794
463,image-proc,1747911060.034217,1747911060.171225,137.007
464,image-proc,1747911060.295214,1747911060.426591,131.377
465,image-proc,1747911060.545262,1747911060.678029,132.766
466,image-proc,1747911060.804637,1747911060.940320,135.682
467,image-proc,1747911061.051096,1747911061.180222,129.125
468,image-proc,1747911061.306118,1747911061.442575,136.456
469,image-proc,1747911061.554317,1747911061.689563,135.245
470,image-proc,1747911061.821151,1747911061.949565,128.414
471,image-proc,1747911062.075468,1747911062.199092,123.623
472,image-proc,1747911062.330664,1747911062.462289,131.623
473,image-proc,1747911062.593187,1747911062.732859,139.672
474,image-proc,1747911062.844982,1747911062.977414,132.431
475,image-proc,1747911063.110343,1747911063.241303,130.959
476,image-proc,1747911063.351741,1747911063.483022,131.281
477,image-proc,1747911063.609321,1747911063.743793,134.472
478,image-proc,1747911063.864622,1747911064.003021,138.400
479,image-proc,1747911064.119225,1747911064.255420,136.194
480,image-proc,1747911064.389873,1747911064.522915,133.041
481,image-proc,1747911064.658238,1747911064.794439,136.201
482,image-proc,1747911064.919118,1747911065.048135,129.016
483,image-proc,1747911065.185588,1747911065.323327,137.738
484,image-proc,1747911065.459852,1747911065.597128,137.275
485,image-proc,1747911065.725940,1747911065.857871,131.931
486,image-proc,1747911065.981133,1747911066.107928,126.796
487,image-proc,1747911066.220666,1747911066.354031,133.364
488,image-proc,1747911066.464351,1747911066.595220,130.868
489,image-proc,1747911066.717458,1747911066.849956,132.497
490,image-proc,1747911066.958878,1747911067.094008,135.130
491,image-proc,1747911067.215865,1747911067.345640,129.774
492,image-proc,1747911067.461124,1747911067.601851,140.727
493,image-proc,1747911067.736576,1747911067.871136,134.559
494,image-proc,1747911067.989242,1747911068.118168,128.925
495,image-proc,1747911068.250318,1747911068.385212,134.894
496,image-proc,1747911068.504103,1747911068.645067,140.964
497,image-proc,1747911068.757544,1747911068.900402,142.856
498,image-proc,1747911069.022529,1747911069.155088,132.559
499,image-proc,1747911069.303010,1747911069.436447,133.436
500,image-proc,1747911069.567171,1747911069.703867,136.695
501,image-proc,1747911069.839758,1747911069.971354,131.595
502,image-proc,1747911070.090147,1747911070.218517,128.370
503,image-proc,1747911070.332649,1747911070.477163,144.513
504,image-proc,1747911070.590652,1747911070.721715,131.062
505,image-proc,1747911070.850103,1747911070.983061,132.957
506,image-proc,1747911071.100476,1747911071.234991,134.512
507,image-proc,1747911071.357452,1747911071.492447,134.994
508,image-proc,1747911071.609655,1747911071.740826,131.170
509,image-proc,1747911071.860876,1747911071.990742,129.866
510,image-proc,1747911072.105489,1747911072.234065,128.576
511,image-proc,1747911072.351797,1747911072.478328,126.531
512,image-proc,1747911072.599521,1747911072.732444,132.923
513,image-proc,1747911072.854855,1747911072.992189,137.333
514,image-proc,1747911073.107147,1747911073.245413,138.266
515,image-proc,1747911073.370830,1747911073.501158,130.328
516,image-proc,1747911073.617743,1747911073.743986,126.242
517,image-proc,1747911073.860903,1747911073.991819,130.915
518,image-proc,1747911074.097552,1747911074.227943,130.392
519,image-proc,1747911074.356645,1747911074.488539,131.893
520,image-proc,1747911074.606289,1747911074.745048,138.759
521,image-proc,1747911074.859640,1747911074.995816,136.174
522,image-proc,1747911075.116630,1747911075.256553,139.923
523,image-proc,1747911075.367159,1747911075.499882,132.722
524,image-proc,1747911075.622887,1747911075.757518,134.626
525,image-proc,1747911075.883124,1747911076.018606,135.481
526,image-proc,1747911076.123911,1747911076.249154,125.242
527,image-proc,1747911076.366033,1747911076.498561,132.527
528,image-proc,1747911076.635382,1747911076.764905,129.522
529,image-proc,1747911076.879803,1747911077.015167,135.363
530,image-proc,1747911077.129051,1747911077.263792,134.739
531,image-proc,1747911077.386822,1747911077.516962,130.139
532,image-proc,1747911077.638411,1747911077.771644,133.233
533,image-proc,1747911077.902259,1747911078.037514,135.255
534,image-proc,1747911078.153087,1747911078.280689,127.602
535,image-proc,1747911078.403057,1747911078.533348,130.291
536,image-proc,1747911078.645529,1747911078.785387,139.857
537,image-proc,1747911078.910849,1747911079.040417,129.568
538,image-proc,1747911079.151822,1747911079.283401,131.578
539,image-proc,1747911079.401966,1747911079.537292,135.325
540,image-proc,1747911079.673522,1747911079.800103,126.581
541,image-proc,1747911079.938046,1747911080.071419,133.371
542,image-proc,1747911080.195252,1747911080.326131,130.878
543,image-proc,1747911080.456057,1747911080.582176,126.119
544,image-proc,1747911080.698741,1747911080.826246,127.504
545,image-proc,1747911080.959862,1747911081.089236,129.373
546,image-proc,1747911081.215434,1747911081.346099,130.665
547,image-proc,1747911081.473886,1747911081.608936,135.050
548,image-proc,1747911081.738187,1747911081.874874,136.688
549,image-proc,1747911082.001025,1747911082.129747,128.722
550,image-proc,1747911082.240304,1747911082.363732,123.427
551,image-proc,1747911082.487277,1747911082.612568,125.290
552,image-proc,1747911082.741515,1747911082.875864,134.348
553,image-proc,1747911083.007019,1747911083.134455,127.436
554,image-proc,1747911083.266705,1747911083.399597,132.892
555,image-proc,1747911083.522012,1747911083.650312,128.300
556,image-proc,1747911083.777643,1747911083.921711,144.067
557,image-proc,1747911084.027099,1747911084.163834,136.734
558,image-proc,1747911084.289101,1747911084.424048,134.946
559,image-proc,1747911084.554107,1747911084.694935,140.828
560,image-proc,1747911084.824662,1747911084.959201,134.539
561,image-proc,1747911085.078069,1747911085.212447,134.378
562,image-proc,1747911085.348353,1747911085.481895,133.541
563,image-proc,1747911085.597080,1747911085.732104,135.023
564,image-proc,1747911085.843319,1747911085.972242,128.923
565,image-proc,1747911086.088204,1747911086.222544,134.340
566,image-proc,1747911086.352524,1747911086.487757,135.233
567,image-proc,1747911086.605174,1747911086.730969,125.794
568,image-proc,1747911086.881632,1747911087.019898,138.266
569,image-proc,1747911087.139039,1747911087.282247,143.207
570,image-proc,1747911087.406753,1747911087.540992,134.239
571,image-proc,1747911087.658397,1747911087.799013,140.614
572,image-proc,1747911087.924184,1747911088.052106,127.921
573,image-proc,1747911088.168426,1747911088.296116,127.688
574,image-proc,1747911088.404926,1747911088.537553,132.627
575,image-proc,1747911088.669307,1747911088.805461,136.153
576,image-proc,1747911088.934883,1747911089.076582,141.699
577,image-proc,1747911089.194669,1747911089.332083,137.413
578,image-proc,1747911089.452668,1747911089.586742,134.073
579,image-proc,1747911089.707760,1747911089.847407,139.646
580,image-proc,1747911089.978251,1747911090.110619,132.367
581,image-proc,1747911090.236628,1747911090.369056,132.428
582,image-proc,1747911090.492095,1747911090.624269,132.173
583,image-proc,1747911090.751406,1747911090.884246,132.839
584,image-proc,1747911091.007298,1747911091.134758,127.459
585,image-proc,1747911091.254398,1747911091.386304,131.906
586,image-proc,1747911091.514843,1747911091.644114,129.270
587,image-proc,1747911091.752580,1747911091.884135,131.555
588,image-proc,1747911092.003934,1747911092.133322,129.387
589,image-proc,1747911092.270600,1747911092.402900,132.299
590,image-proc,1747911092.520768,1747911092.655904,135.136
591,image-proc,1747911092.782840,1747911092.915021,132.180
592,image-proc,1747911093.030841,1747911093.156904,126.063
593,image-proc,1747911093.270944,1747911093.413476,142.531
594,image-proc,1747911093.544894,1747911093.691061,146.166
595,image-proc,1747911093.805844,1747911093.940300,134.455
596,image-proc,1747911094.052869,1747911094.179703,126.833
597,image-proc,1747911094.288840,1747911094.413130,124.290
598,image-proc,1747911094.546805,1747911094.680437,133.631
599,image-proc,1747911094.804796,1747911094.935612,130.815
600,image-proc,1747911095.056687,1747911095.192951,136.263
601,image-proc,1747911095.317320,1747911095.447125,129.805
602,image-proc,1747911095.578468,1747911095.714059,135.590
603,image-proc,1747911095.848464,1747911095.981895,133.431
604,image-proc,1747911096.092224,1747911096.224878,132.653
605,image-proc,1747911096.344990,1747911096.479223,134.232
606,image-proc,1747911096.596244,1747911096.726568,130.323
607,image-proc,1747911096.854471,1747911096.985855,131.384
608,image-proc,1747911097.107129,1747911097.238921,131.792
609,image-proc,1747911097.370416,1747911097.506774,136.358
610,image-proc,1747911097.622772,1747911097.752568,129.792
611,image-proc,1747911097.871812,1747911098.000227,128.414
612,image-proc,1747911098.116407,1747911098.250951,134.545
613,image-proc,1747911098.378695,1747911098.508165,129.469
614,image-proc,1747911098.638651,1747911098.773600,134.948
615,image-proc,1747911098.889475,1747911099.018430,128.955
616,image-proc,1747911099.144273,1747911099.289695,145.421
617,image-proc,1747911099.400285,1747911099.537604,137.318
618,image-proc,1747911099.657900,1747911099.793600,135.699
619,image-proc,1747911099.911180,1747911100.039769,128.589
620,image-proc,1747911100.156814,1747911100.285553,128.738
621,image-proc,1747911100.399884,1747911100.536767,136.883
622,image-proc,1747911100.686408,1747911100.816728,130.319
623,image-proc,1747911100.953064,1747911101.096280,143.214
624,image-proc,1747911101.207751,1747911101.342059,134.307
625,image-proc,1747911101.473901,1747911101.605694,131.792
626,image-proc,1747911101.724408,1747911101.855329,130.921
627,image-proc,1747911101.965836,1747911102.091008,125.172
628,image-proc,1747911102.219108,1747911102.357766,138.658
629,image-proc,1747911102.470130,1747911102.595588,125.458
630,image-proc,1747911102.719360,1747911102.849071,129.711
631,image-proc,1747911102.968789,1747911103.111234,142.444
632,image-proc,1747911103.248522,1747911103.378563,130.040
633,image-proc,1747911103.518019,1747911103.645877,127.858
634,image-proc,1747911103.787410,1747911103.915590,128.179
635,image-proc,1747911104.025970,1747911104.153732,127.762
636,image-proc,1747911104.268378,1747911104.396389,128.011
637,image-proc,1747911104.507254,1747911104.638757,131.502
638,image-proc,1747911104.772169,1747911104.904307,132.137
639,image-proc,1747911105.028049,1747911105.168290,140.240
640,image-proc,1747911105.282232,1747911105.413375,131.142
641,image-proc,1747911105.533197,1747911105.662307,129.110
642,image-proc,1747911105.785769,1747911105.917281,131.511
643,image-proc,1747911106.033385,1747911106.176168,142.782
644,image-proc,1747911106.299711,1747911106.431686,131.974
645,image-proc,1747911106.561106,1747911106.695592,134.487
646,image-proc,1747911106.822889,1747911106.951095,128.206
647,image-proc,1747911107.078982,1747911107.207603,128.621
648,image-proc,1747911107.327927,1747911107.462463,134.535
649,image-proc,1747911107.593995,1747911107.719432,125.438
650,image-proc,1747911107.845675,1747911107.976833,131.157
651,image-proc,1747911108.099076,1747911108.229801,130.725
652,image-proc,1747911108.361195,1747911108.496441,135.246
653,image-proc,1747911108.639446,1747911108.771460,132.014
654,image-proc,1747911108.887773,1747911109.024765,136.991
655,image-proc,1747911109.140742,1747911109.268112,127.370
656,image-proc,1747911109.399677,1747911109.534330,134.652
657,image-proc,1747911109.665426,1747911109.808612,143.186
658,image-proc,1747911109.925247,1747911110.054693,129.445
659,image-proc,1747911110.171271,1747911110.300572,129.300
660,image-proc,1747911110.433944,1747911110.565967,132.021
661,image-proc,1747911110.686449,1747911110.816240,129.791
662,image-proc,1747911110.928070,1747911111.067882,139.811
663,image-proc,1747911111.193559,1747911111.325816,132.257
664,image-proc,1747911111.438485,1747911111.571087,132.601
665,image-proc,1747911111.683030,1747911111.818765,135.734
666,image-proc,1747911111.943594,1747911112.075063,131.469
667,image-proc,1747911112.207337,1747911112.341870,134.532
668,image-proc,1747911112.470876,1747911112.599904,129.028
669,image-proc,1747911112.736825,1747911112.873532,136.706
670,image-proc,1747911112.993064,1747911113.122441,129.377
671,image-proc,1747911113.252609,1747911113.384354,131.746
672,image-proc,1747911113.516295,1747911113.645544,129.249
673,image-proc,1747911113.766397,1747911113.898727,132.329
674,image-proc,1747911114.014050,1747911114.143868,129.818
675,image-proc,1747911114.268533,1747911114.406773,138.240
676,image-proc,1747911114.530162,1747911114.658639,128.476
677,image-proc,1747911114.779592,1747911114.914100,134.508
678,image-proc,1747911115.024838,1747911115.150755,125.917
679,image-proc,1747911115.295452,1747911115.428919,133.466
680,image-proc,1747911115.542135,1747911115.676623,134.488
681,image-proc,1747911115.802836,1747911115.936356,133.519
682,image-proc,1747911116.068429,1747911116.205297,136.868
683,image-proc,1747911116.332603,1747911116.459825,127.222
684,image-proc,1747911116.577000,1747911116.711644,134.644
685,image-proc,1747911116.829567,1747911116.962821,133.253
686,image-proc,1747911117.084358,1747911117.214644,130.285
687,image-proc,1747911117.328110,1747911117.460330,132.220
688,image-proc,1747911117.574158,1747911117.714591,140.432
689,image-proc,1747911117.834198,1747911117.966920,132.721
690,image-proc,1747911118.101808,1747911118.238877,137.068
691,image-proc,1747911118.354741,1747911118.485512,130.771
692,image-proc,1747911118.596958,1747911118.721684,124.725
693,image-proc,1747911118.837608,1747911118.965277,127.668
694,image-proc,1747911119.096654,1747911119.230108,133.454
695,image-proc,1747911119.348309,1747911119.480846,132.537
696,image-proc,1747911119.609090,1747911119.746270,137.180
697,image-proc,1747911119.883485,1747911120.022329,138.843
698,image-proc,1747911120.138045,1747911120.272909,134.863
699,image-proc,1747911120.393355,1747911120.520627,127.270
700,image-proc,1747911120.640665,1747911120.776197,135.532
701,image-proc,1747911120.888627,1747911121.030067,141.441
702,image-proc,1747911121.153951,1747911121.289456,135.505
703,image-proc,1747911121.416794,1747911121.550653,133.858
704,image-proc,1747911121.666950,1747911121.795809,128.858
705,image-proc,1747911121.903216,1747911122.038970,135.753
706,image-proc,1747911122.153180,1747911122.281008,127.827
707,image-proc,1747911122.406191,1747911122.541530,135.339
708,image-proc,1747911122.655006,1747911122.796388,141.382
709,image-proc,1747911122.913729,1747911123.044442,130.712
710,image-proc,1747911123.168259,1747911123.301521,133.262
711,image-proc,1747911123.418662,1747911123.554857,136.195
712,image-proc,1747911123.674917,1747911123.810830,135.913
713,image-proc,1747911123.927934,1747911124.063546,135.611
714,image-proc,1747911124.177408,1747911124.313752,136.344
715,image-proc,1747911124.427988,1747911124.565086,137.098
716,image-proc,1747911124.700919,1747911124.830449,129.529
717,image-proc,1747911124.945915,1747911125.079484,133.569
718,image-proc,1747911125.206637,1747911125.346014,139.377
719,image-proc,1747911125.467844,1747911125.599937,132.093
720,image-proc,1747911125.750861,1747911125.890525,139.662
721,image-proc,1747911126.031851,1747911126.172108,140.257
722,image-proc,1747911126.286875,1747911126.427787,140.912
723,image-proc,1747911126.549144,1747911126.681228,132.086
724,image-proc,1747911126.806328,1747911126.939116,132.788
725,image-proc,1747911127.079491,1747911127.221534,142.043
726,image-proc,1747911127.335170,1747911127.463001,127.831
727,image-proc,1747911127.583069,1747911127.721097,138.027
728,image-proc,1747911127.838530,1747911127.969822,131.291
729,image-proc,1747911128.099669,1747911128.233865,134.196
730,image-proc,1747911128.370902,1747911128.501237,130.334
731,image-proc,1747911128.617381,1747911128.748694,131.312
732,image-proc,1747911128.867880,1747911129.002283,134.403
733,image-proc,1747911129.130585,1747911129.263261,132.674
734,image-proc,1747911129.392784,1747911129.522862,130.078
735,image-proc,1747911129.640924,1747911129.770351,129.427
736,image-proc,1747911129.889363,1747911130.025460,136.097
737,image-proc,1747911130.147007,1747911130.278081,131.073
738,image-proc,1747911130.395409,1747911130.525310,129.900
739,image-proc,1747911130.652036,1747911130.784386,132.349
740,image-proc,1747911130.908595,1747911131.045013,136.417
741,image-proc,1747911131.178110,1747911131.314970,136.859
742,image-proc,1747911131.428644,1747911131.564693,136.048
743,image-proc,1747911131.700610,1747911131.834970,134.360
744,image-proc,1747911131.952446,1747911132.084528,132.081
745,image-proc,1747911132.193247,1747911132.330076,136.828
746,image-proc,1747911132.446737,1747911132.572433,125.696
747,image-proc,1747911132.702212,1747911132.840886,138.674
748,image-proc,1747911132.954931,1747911133.082551,127.619
749,image-proc,1747911133.206698,1747911133.339944,133.245
750,image-proc,1747911133.458635,1747911133.591918,133.282
751,image-proc,1747911133.709913,1747911133.844728,134.815
752,image-proc,1747911133.977521,1747911134.110626,133.106
753,image-proc,1747911134.241219,1747911134.375607,134.387
754,image-proc,1747911134.498013,1747911134.632504,134.479
755,image-proc,1747911134.765541,1747911134.895227,129.686
756,image-proc,1747911135.030973,1747911135.171319,140.345
757,image-proc,1747911135.278696,1747911135.404863,126.166
758,image-proc,1747911135.529787,1747911135.662700,132.913
759,image-proc,1747911135.796477,1747911135.922369,125.892
760,image-proc,1747911136.041047,1747911136.179820,138.772
761,image-proc,1747911136.295508,1747911136.437007,141.499
762,image-proc,1747911136.553027,1747911136.691726,138.698
763,image-proc,1747911136.819801,1747911136.952189,132.387
764,image-proc,1747911137.062647,1747911137.197103,134.456
765,image-proc,1747911137.320819,1747911137.453703,132.884
766,image-proc,1747911137.574776,1747911137.704289,129.513
767,image-proc,1747911137.819929,1747911137.960456,140.527
768,image-proc,1747911138.076022,1747911138.215696,139.673
769,image-proc,1747911138.334781,1747911138.465677,130.895
770,image-proc,1747911138.590393,1747911138.723980,133.588
771,image-proc,1747911138.841212,1747911138.977804,136.592
772,image-proc,1747911139.101247,1747911139.243067,141.819
773,image-proc,1747911139.353912,1747911139.484781,130.868
774,image-proc,1747911139.607851,1747911139.740129,132.277
775,image-proc,1747911139.854874,1747911139.995763,140.888
776,image-proc,1747911140.119102,1747911140.248928,129.826
777,image-proc,1747911140.366734,1747911140.498210,131.476
778,image-proc,1747911140.617048,1747911140.750011,132.964
779,image-proc,1747911140.864728,1747911140.995243,130.514
780,image-proc,1747911141.109515,1747911141.246105,136.590
781,image-proc,1747911141.369693,1747911141.502266,132.571
782,image-proc,1747911141.622411,1747911141.749887,127.474
783,image-proc,1747911141.866590,1747911141.996070,129.480
784,image-proc,1747911142.113053,1747911142.249742,136.689
785,image-proc,1747911142.379489,1747911142.512236,132.745
786,image-proc,1747911142.631005,1747911142.769259,138.254
787,image-proc,1747911142.888522,1747911143.026675,138.153
788,image-proc,1747911143.142704,1747911143.282763,140.059
789,image-proc,1747911143.403959,1747911143.534411,130.451
790,image-proc,1747911143.651312,1747911143.783794,132.482
791,image-proc,1747911143.930160,1747911144.057990,127.829
792,image-proc,1747911144.191465,1747911144.323580,132.114
793,image-proc,1747911144.437472,1747911144.576639,139.167
794,image-proc,1747911144.701329,1747911144.830735,129.406
795,image-proc,1747911144.953098,1747911145.083258,130.160
796,image-proc,1747911145.218540,1747911145.362175,143.634
797,image-proc,1747911145.477021,1747911145.609332,132.310
798,image-proc,1747911145.721347,1747911145.859307,137.958
799,image-proc,1747911145.975719,1747911146.103440,127.720
800,image-proc,1747911146.221357,1747911146.354346,132.989
801,image-proc,1747911146.470590,1747911146.599958,129.367
802,image-proc,1747911146.715964,1747911146.850619,134.655
803,image-proc,1747911146.974003,1747911147.104979,130.976
804,image-proc,1747911147.227945,1747911147.357843,129.897
805,image-proc,1747911147.474979,1747911147.611721,136.742
806,image-proc,1747911147.736975,1747911147.872145,135.170
807,image-proc,1747911147.993027,1747911148.134232,141.204
808,image-proc,1747911148.251875,1747911148.388821,136.945
809,image-proc,1747911148.501814,1747911148.627040,125.227
810,image-proc,1747911148.744324,1747911148.871629,127.304
811,image-proc,1747911148.995919,1747911149.131607,135.688
812,image-proc,1747911149.256721,1747911149.390969,134.247
813,image-proc,1747911149.517441,1747911149.655146,137.705
814,image-proc,1747911149.770525,1747911149.914359,143.833
815,image-proc,1747911150.047644,1747911150.184977,137.332
816,image-proc,1747911150.302221,1747911150.440938,138.718
817,image-proc,1747911150.553184,1747911150.688848,135.666
818,image-proc,1747911150.810803,1747911150.945088,134.284
819,image-proc,1747911151.065912,1747911151.198859,132.947
820,image-proc,1747911151.313726,1747911151.445037,131.309
821,image-proc,1747911151.572108,1747911151.703815,131.706
822,image-proc,1747911151.811304,1747911151.938565,127.261
823,image-proc,1747911152.067063,1747911152.203285,136.222
824,image-proc,1747911152.334595,1747911152.465769,131.173
825,image-proc,1747911152.578862,1747911152.705456,126.593
826,image-proc,1747911152.830461,1747911152.957151,126.689
827,image-proc,1747911153.085973,1747911153.217516,131.544
828,image-proc,1747911153.338790,1747911153.471667,132.877
829,image-proc,1747911153.602086,1747911153.733938,131.851
830,image-proc,1747911153.853005,1747911153.992518,139.509
831,image-proc,1747911154.129856,1747911154.259888,130.032
832,image-proc,1747911154.385393,1747911154.511794,126.401
833,image-proc,1747911154.624840,1747911154.754567,129.726
834,image-proc,1747911154.865898,1747911154.998419,132.520
835,image-proc,1747911155.111996,1747911155.246320,134.322
836,image-proc,1747911155.369763,1747911155.498105,128.342
837,image-proc,1747911155.622158,1747911155.748379,126.220
838,image-proc,1747911155.873259,1747911156.009191,135.931
839,image-proc,1747911156.131016,1747911156.258584,127.568
840,image-proc,1747911156.385523,1747911156.525055,139.532
841,image-proc,1747911156.650074,1747911156.785057,134.982
842,image-proc,1747911156.907757,1747911157.039151,131.394
843,image-proc,1747911157.164860,1747911157.293387,128.526
844,image-proc,1747911157.410562,1747911157.549811,139.248
845,image-proc,1747911157.686782,1747911157.812199,125.415
846,image-proc,1747911157.941628,1747911158.074317,132.688
847,image-proc,1747911158.189944,1747911158.325292,135.347
848,image-proc,1747911158.451322,1747911158.590111,138.788
849,image-proc,1747911158.710773,1747911158.840547,129.775
850,image-proc,1747911158.960373,1747911159.098659,138.285
851,image-proc,1747911159.238272,1747911159.366337,128.065
852,image-proc,1747911159.493401,1747911159.626951,133.550
853,image-proc,1747911159.755288,1747911159.893531,138.242
854,image-proc,1747911160.029407,1747911160.167750,138.343
855,image-proc,1747911160.282295,1747911160.412549,130.254
856,image-proc,1747911160.550842,1747911160.677287,126.444
857,image-proc,1747911160.815240,1747911160.956231,140.990
858,image-proc,1747911161.072718,1747911161.198241,125.522
859,image-proc,1747911161.318954,1747911161.455760,136.806
860,image-proc,1747911161.589860,1747911161.726150,136.289
861,image-proc,1747911161.844282,1747911161.979226,134.943
862,image-proc,1747911162.114856,1747911162.248951,134.094
863,image-proc,1747911162.369866,1747911162.502208,132.341
864,image-proc,1747911162.617950,1747911162.755171,137.220
865,image-proc,1747911162.879089,1747911163.020164,141.074
866,image-proc,1747911163.131809,1747911163.265986,134.177
867,image-proc,1747911163.393293,1747911163.530912,137.618
868,image-proc,1747911163.654868,1747911163.789351,134.483
869,image-proc,1747911163.913477,1747911164.054384,140.906
870,image-proc,1747911164.190907,1747911164.328249,137.342
871,image-proc,1747911164.451765,1747911164.586480,134.715
872,image-proc,1747911164.709502,1747911164.841268,131.766
873,image-proc,1747911164.973619,1747911165.100013,126.395
874,image-proc,1747911165.226033,1747911165.360924,134.890
875,image-proc,1747911165.490680,1747911165.621562,130.881
876,image-proc,1747911165.733249,1747911165.871612,138.363
877,image-proc,1747911166.013376,1747911166.154413,141.037
878,image-proc,1747911166.289396,1747911166.422561,133.166
879,image-proc,1747911166.536874,1747911166.671980,135.106
880,image-proc,1747911166.815324,1747911166.955217,139.892
881,image-proc,1747911167.073400,1747911167.211148,137.747
882,image-proc,1747911167.322819,1747911167.449593,126.772
883,image-proc,1747911167.566818,1747911167.691397,124.580
884,image-proc,1747911167.803462,1747911167.933191,129.728
885,image-proc,1747911168.052752,1747911168.180687,127.934
886,image-proc,1747911168.297351,1747911168.432150,134.798
887,image-proc,1747911168.555886,1747911168.685874,129.989
888,image-proc,1747911168.795531,1747911168.927538,132.007
889,image-proc,1747911169.070358,1747911169.205927,135.568
890,image-proc,1747911169.327618,1747911169.465276,137.658
891,image-proc,1747911169.588897,1747911169.721045,132.147
892,image-proc,1747911169.829370,1747911169.959754,130.384
893,image-proc,1747911170.075156,1747911170.212165,137.009
894,image-proc,1747911170.330466,1747911170.461601,131.135
895,image-proc,1747911170.578720,1747911170.707127,128.406
896,image-proc,1747911170.818300,1747911170.954286,135.985
897,image-proc,1747911171.070968,1747911171.205786,134.817
898,image-proc,1747911171.320239,1747911171.453604,133.366
899,image-proc,1747911171.574570,1747911171.710102,135.532
900,image-proc,1747911171.826405,1747911171.963835,137.429
901,image-proc,1747911172.101834,1747911172.238390,136.555
902,image-proc,1747911172.352380,1747911172.479755,127.374
903,image-proc,1747911172.593002,1747911172.726482,133.479
904,image-proc,1747911172.845435,1747911172.977802,132.366
905,image-proc,1747911173.118988,1747911173.250164,131.175
906,image-proc,1747911173.377436,1747911173.511562,134.125
907,image-proc,1747911173.651076,1747911173.791816,140.739
908,image-proc,1747911173.908467,1747911174.041156,132.688
909,image-proc,1747911174.158236,1747911174.286572,128.334
910,image-proc,1747911174.408699,1747911174.546935,138.236
911,image-proc,1747911174.663589,1747911174.801859,138.269
912,image-proc,1747911174.930529,1747911175.060311,129.782
913,image-proc,1747911175.175456,1747911175.311568,136.111
914,image-proc,1747911175.442406,1747911175.570150,127.743
915,image-proc,1747911175.686753,1747911175.817903,131.148
916,image-proc,1747911175.928386,1747911176.060922,132.534
917,image-proc,1747911176.175881,1747911176.307010,131.128
918,image-proc,1747911176.428944,1747911176.568160,139.215
919,image-proc,1747911176.703801,1747911176.844808,141.006
920,image-proc,1747911176.972278,1747911177.106961,134.682
921,image-proc,1747911177.233190,1747911177.363850,130.659
922,image-proc,1747911177.476521,1747911177.607645,131.125
923,image-proc,1747911177.725040,1747911177.859462,134.422
924,image-proc,1747911177.978292,1747911178.111645,133.352
925,image-proc,1747911178.231067,1747911178.365490,134.423
926,image-proc,1747911178.482350,1747911178.618567,136.217
927,image-proc,1747911178.733987,1747911178.868919,134.931
928,image-proc,1747911178.996385,1747911179.133375,136.989
929,image-proc,1747911179.253056,1747911179.382768,129.711
930,image-proc,1747911179.517718,1747911179.648419,130.700
931,image-proc,1747911179.781712,1747911179.916673,134.961
932,image-proc,1747911180.031437,1747911180.169947,138.510
933,image-proc,1747911180.304574,1747911180.436734,132.158
934,image-proc,1747911180.550591,1747911180.683251,132.660
935,image-proc,1747911180.795107,1747911180.926107,131.000
936,image-proc,1747911181.041589,1747911181.176153,134.564
937,image-proc,1747911181.288140,1747911181.421071,132.931
938,image-proc,1747911181.544797,1747911181.682977,138.180
939,image-proc,1747911181.803924,1747911181.932419,128.494
940,image-proc,1747911182.058645,1747911182.187596,128.950
941,image-proc,1747911182.298136,1747911182.439970,141.834
942,image-proc,1747911182.579756,1747911182.709332,129.576
943,image-proc,1747911182.830580,1747911182.961704,131.123
944,image-proc,1747911183.085518,1747911183.222737,137.218
945,image-proc,1747911183.336191,1747911183.474964,138.772
946,image-proc,1747911183.603583,1747911183.737454,133.871
947,image-proc,1747911183.856344,1747911183.992880,136.536
948,image-proc,1747911184.110706,1747911184.238739,128.032
949,image-proc,1747911184.355433,1747911184.485048,129.616
950,image-proc,1747911184.603672,1747911184.729609,125.936
951,image-proc,1747911184.848061,1747911184.981623,133.562
952,image-proc,1747911185.108471,1747911185.242096,133.624
953,image-proc,1747911185.353546,1747911185.481938,128.392
954,image-proc,1747911185.613974,1747911185.742368,128.393
955,image-proc,1747911185.858453,1747911185.987611,129.158
956,image-proc,1747911186.104409,1747911186.236159,131.750
957,image-proc,1747911186.356391,1747911186.488003,131.613
958,image-proc,1747911186.596174,1747911186.730333,134.158
959,image-proc,1747911186.853634,1747911186.984113,130.478
960,image-proc,1747911187.098265,1747911187.233686,135.421
961,image-proc,1747911187.359274,1747911187.485080,125.806
962,image-proc,1747911187.609837,1747911187.742613,132.775
963,image-proc,1747911187.867257,1747911188.007321,140.064
964,image-proc,1747911188.129920,1747911188.258734,128.812
965,image-proc,1747911188.384289,1747911188.524816,140.528
966,image-proc,1747911188.635007,1747911188.763143,128.135
967,image-proc,1747911188.880648,1747911189.007576,126.928
968,image-proc,1747911189.129270,1747911189.270132,140.860
969,image-proc,1747911189.388191,1747911189.524652,136.461
970,image-proc,1747911189.633064,1747911189.769744,136.679
971,image-proc,1747911189.889375,1747911190.021560,132.185
972,image-proc,1747911190.168006,1747911190.303619,135.613
973,image-proc,1747911190.424426,1747911190.557525,133.099
974,image-proc,1747911190.675378,1747911190.811304,135.924
975,image-proc,1747911190.931683,1747911191.059388,127.704
976,image-proc,1747911191.192057,1747911191.330236,138.177
977,image-proc,1747911191.439292,1747911191.582342,143.050
978,image-proc,1747911191.698888,1747911191.828556,129.668
979,image-proc,1747911191.952298,1747911192.090007,137.708
980,image-proc,1747911192.216843,1747911192.347133,130.289
981,image-proc,1747911192.472787,1747911192.606651,133.864
982,image-proc,1747911192.716992,1747911192.846901,129.908
983,image-proc,1747911192.973841,1747911193.107220,133.379
984,image-proc,1747911193.228053,1747911193.372879,144.825
985,image-proc,1747911193.489574,1747911193.620990,131.415
986,image-proc,1747911193.742697,1747911193.875445,132.747
987,image-proc,1747911193.993801,1747911194.121428,127.625
988,image-proc,1747911194.243995,1747911194.378591,134.596
989,image-proc,1747911194.509549,1747911194.650993,141.444
990,image-proc,1747911194.761315,1747911194.893783,132.467
991,image-proc,1747911195.006582,1747911195.135857,129.274
992,image-proc,1747911195.251026,1747911195.379452,128.425
993,image-proc,1747911195.499996,1747911195.624037,124.041
994,image-proc,1747911195.733026,1747911195.866593,133.566
995,image-proc,1747911195.983524,1747911196.118151,134.627
996,image-proc,1747911196.238029,1747911196.371581,133.551
997,image-proc,1747911196.493737,1747911196.626182,132.444
998,image-proc,1747911196.744090,1747911196.891644,147.553
999,image-proc,1747911197.004570,1747911197.130804,126.234
